Category,Description,Nutrient Data Bank Number,Alpha Carotene,Beta Carotene,Beta Cryptoxanthin,Carbohydrate,Cholesterol,Choline,Fiber,Lutein and Zeaxanthin,Lycopene,Niacin,Protein,Retinol,Riboflavin,Selenium,Sugar Total,Thiamin,Water,Fat.Monosaturated Fat,Fat.Polysaturated Fat,Fat.Saturated Fat,Fat.Total Lipid,Major Minerals.Calcium,Major Minerals.Copper,Major Minerals.Iron,Major Minerals.Magnesium,Major Minerals.Phosphorus,Major Minerals.Potassium,Major Minerals.Sodium,Major Minerals.Zinc,Vitamins.Vitamin A - RAE,Vitamins.Vitamin B12,Vitamins.Vitamin B6,Vitamins.Vitamin C,Vitamins.Vitamin E,Vitamins.Vitamin K
Alcohol,Tequila Sunrise,93301320,5,5,18,13.47,0,4.2,0.2,18,0,0.191,0.46,0,0.028,0.1,9.61,0.032,77.47,0.015,0.02,0.009,0.08,38,0.036,0.1,8,20,122,4,0.07,1,0,0.051,22.5,0.13,0
Alcohol,Eggnog,11531000,0,7,0,8.05,59,52.2,0,54,0,0.105,4.55,58,0.19,4.2,8.05,0.034,82.54,1.302,0.198,2.591,4.19,130,0.013,0.2,19,109,165,54,0.46,59,0.45,0.05,1.5,0.21,0.3
Alcohol,"Wine, dessert, sweet",93402000,0,0,0,13.69,0,5,0,0,0,0.213,0.2,0,0.018,0.5,7.78,0.018,70.51,0,0,0,0,8,0.045,0.24,9,9,92,9,0.07,0,0,0,0,0,0
Alcohol,Rum and cola,93301190,0,0,0,7.8,0,0.2,0,0,0,0.003,0,0,0.001,0.1,7.48,0.001,83.73,0,0,0,0.19,1,0.01,0.02,0,8,4,3,0.08,0,0,0,0,0,0
Alcohol,Vodka and cola,93301214,0,0,0,7.8,0,0.2,0,0,0,0.003,0,0,0.001,0.1,7.48,0.001,83.73,0,0,0,0.19,1,0.01,0.02,0,8,4,3,0.08,0,0,0,0,0,0
Alcohol,Whiskey and cola,93301182,0,0,0,7.8,0,0.2,0,0,0,0.003,0,0,0.001,0.1,7.48,0.001,83.73,0,0,0,0.19,1,0.01,0.02,0,8,4,3,0.08,0,0,0,0,0,0
Alcohol,"Sangria, white",93404560,0,0,1,8.26,0,2.3,0,0,0,0.059,0.04,0,0.008,0.1,7.33,0.003,82.6,0.002,0.021,0.002,0.04,6,0.014,0.15,6,9,39,11,0.1,0,0,0.026,0.3,0,0.2
Alcohol,"Sangria, red",93404550,0,1,1,8.26,0,3,0,3,0,0.119,0.04,0,0.017,0.2,7.16,0.003,82.41,0.002,0.021,0.002,0.04,6,0.018,0.25,7,12,68,10,0.11,0,0,0.03,0.3,0,0.2
Alcohol,"Fruit punch, alcoholic",93301270,0,1,0,8.14,0,1.2,0.1,0,0,0.078,0.14,0,0.009,0.1,7.11,0.023,83.31,0.005,0.016,0.003,0.04,6,0.038,0.19,5,4,50,4,0.07,0,0,0.038,3.8,0.01,0.1
Alcohol,Whiskey and ginger ale,93301184,0,0,0,6.59,0,0,0,0,0,0.003,0,0,0.001,0.1,6.7,0.001,85.14,0,0,0,0,2,0.019,0.14,1,1,1,6,0.05,0,0,0,0,0,0
Alcohol,"Eggnog, alcoholic",93301550,0,6,0,6.62,49,42.9,0,44,0,0.089,3.74,48,0.157,3.5,6.62,0.029,79.72,1.071,0.163,2.132,3.45,107,0.014,0.17,16,90,136,45,0.39,49,0.37,0.041,1.2,0.17,0.2
Alcohol,Vodka and tonic,93301218,0,0,0,6.57,0,0,0,0,0,0.003,0,0,0.001,0,6.57,0.002,84.89,0,0,0,0,1,0.01,0.02,0,1,1,9,0.08,0,0,0,0,0,0
Alcohol,Mint julep,93301120,0,0,0,5.75,0,0,0,0,0,0.009,0,0,0.004,0,5.75,0.004,70.47,0,0,0,0.01,0,0.017,0.03,0,3,1,4,0.05,0,0,0.001,0,0,0
Alcohol,Mimosa,93301115,4,4,14,7.14,0,5.3,0.2,14,0,0.196,0.38,0,0.027,0.1,4.74,0.026,87.04,0.011,0.015,0.007,0.06,33,0.024,0.2,11,23,126,3,0.09,1,0,0.063,17.3,0.1,0.2
Alcohol,Glug,93406000,0,1,0,6.24,0,5.6,0.1,6,0,0.224,0.1,0,0.031,0.2,4.15,0.006,83.19,0.012,0.001,0.098,0.14,9,0.016,0.47,12,23,125,4,0.15,0,0,0.056,0,0,0.4
Alcohol,"Wine, table, rose",93401030,0,0,0,3.8,0,0,0,0,0,0.09,0.36,0,0.015,0.2,3.8,0.02,86.4,0,0,0,0,10,0.005,0.2,10,18,59,5,0.11,0,0.01,0.037,0,0,0
Alcohol,"Gelatin shot, alcoholic",93301045,0,0,0,2.8,0,0.1,0,0,0,0.005,0.24,0,0.003,0.2,2.66,0.002,83.85,0,0,0,0,2,0.017,0.02,1,6,1,17,0.02,0,0,0,0,0,0
Alcohol,Bloody Mary,93301030,1,202,1,3.24,0,5.2,0.4,56,6425,0.523,0.66,0,0.061,0.4,2.27,0.075,87.21,0.007,0.03,0.016,0.23,10,0.042,0.41,9,17,180,212,0.11,17,0,0.06,53,0.24,1.9
Alcohol,Gin fizz,93301600,0,0,3,2.22,0,0.4,0,1,0,0.016,0.03,0,0.003,0,1.95,0.003,89.36,0,0.001,0.002,0.01,4,0.011,0.02,1,2,9,16,0.09,0,0,0.003,1,0.02,0
Alcohol,Mojito,93301125,1,82,4,2.45,0,0.6,0.2,18,0,0.036,0.09,0,0.005,0.1,1.82,0.005,89.76,0.007,0.004,0.002,0.03,7,0.024,0.11,2,3,19,15,0.1,7,0,0.006,2.4,0.06,6.3
Alcohol,"Wine, light",93403000,0,0,0,1.17,0,5,0,0,0,0.1,0.07,0,0.01,0.2,1.15,0,92.23,0,0,0,0,9,0.011,0.4,10,15,88,7,0.08,0,0,0.02,0,0,0
Alcohol,"Wine, nonalcoholic",92801000,0,0,0,1.1,0,5,0,0,0,0.1,0.5,0,0.01,0.2,1.1,0,98.2,0,0,0,0,9,0.011,0.4,10,15,88,7,0.08,0,0,0.02,0,0,0
Alcohol,"Wine, light, nonalcoholic",92802000,0,0,0,1.1,0,5,0,0,0,0.1,0.5,0,0.01,0.2,1.1,0,98.2,0,0,0,0,9,0.011,0.4,10,15,88,7,0.08,0,0,0.02,0,0,0
Alcohol,"Wine, table, white",93401020,0,0,0,2.6,0,4.3,0,0,0,0.108,0.07,0,0.015,0.1,0.96,0.005,86.86,0,0,0,0,9,0.004,0.27,10,18,71,5,0.12,0,0,0.05,0,0,0.4
Alcohol,"Wine, table, red",93401010,0,1,0,2.61,0,5.7,0,6,0,0.224,0.07,0,0.031,0.2,0.62,0.005,86.49,0,0,0,0,8,0.011,0.46,12,23,127,4,0.14,0,0,0.057,0,0,0.4
Alcohol,"Beer, light",93102000,0,0,0,1.64,0,8.8,0,0,0,0.391,0.24,0,0.015,0.4,0.09,0.005,94.88,0,0,0,0,4,0.006,0.03,5,12,21,4,0.01,0,0.02,0.034,0,0,0
Alcohol,"Beer, light, higher alcohol",93102200,0,0,0,0.77,0,8.8,0,0,0,0.391,0.25,0,0.015,0.4,0.09,0.005,92.88,0,0,0,0,4,0.006,0.03,5,12,21,4,0.01,0,0.02,0.034,0,0,0
Alcohol,Cereal beverage,92203000,0,0,0,1,0,0.2,0.3,2,0,0.226,0.08,0,0.001,0.8,0.06,0.005,98.73,0.005,0.016,0.008,0.03,4,0.013,0.06,4,7,31,5,0.02,0,0,0.01,0,0.01,0
Alcohol,Beer,93101000,0,0,0,3.55,0,10.1,0,0,0,0.513,0.46,0,0.025,0.6,0,0.005,91.96,0,0,0,0,4,0.005,0.02,6,14,27,4,0.01,0,0.02,0.046,0,0,0
Alcohol,"Beer, low carb",93102100,0,0,0,0.73,0,0,0,0,0,0,0.17,0,0,0,0,0,95.4,0,0,0,0,4,0.002,0,4,8,17,3,0.01,0,0,0,0,0,0
Alcohol,"Beer, higher alcohol",93102300,0,0,0,0.27,0,10.1,0,0,0,1.1,0.9,0,0.09,0.6,0,0.03,91,0,0,0,0,8,0.008,0.03,12,32,62,4,0.01,0,0.02,0.09,0,0,0
Alcohol,Vodka,93505000,0,0,0,0,0,0,0,0,0,0.013,0,0,0.004,0,0,0.006,66.6,0,0,0,0,0,0.021,0.04,0,4,2,1,0.04,0,0,0.001,0,0,0
Alcohol,Whiskey and soda,93301170,0,0,0,0,0,0,0,0,0,0.003,0,0,0.001,0,0,0.002,91.46,0,0,0,0,4,0.01,0.02,1,1,2,16,0.08,0,0,0,0,0,0
Alcohol,Whiskey and water,93301181,0,0,0,0,0,0,0,0,0,0.003,0,0,0.001,0,0,0.002,91.38,0,0,0,0,2,0.013,0.01,1,1,1,3,0.02,0,0,0,0,0,0
Alcohol,"Wine, rice",93401100,0,0,0,5,0,0,0,0,0,0,0.5,0,0,1.4,0,0,78.4,0,0,0,0,5,0.009,0.1,6,6,25,2,0.02,0,0,0,0,0,0
Coffee/Coffee drink,"Frozen mocha coffee drink, decaffeinated, nonfat",92102070,0,1,0,13.12,1,8.3,0,0,0,0.83,1.54,29,0.088,1.1,12.3,0.026,84.76,0.008,0.016,0.035,0.08,60,0.039,0.02,21,54,103,35,0.26,29,0.26,0.027,0,0,0
Coffee/Coffee drink,"Frozen mocha coffee drink, nonfat",92102010,0,1,0,13.07,1,8.6,0,0,0,0.851,1.54,28,0.088,1.1,12.24,0.026,84.82,0.008,0.016,0.036,0.08,60,0.039,0.02,22,54,103,35,0.26,28,0.26,0.027,0,0,0
Coffee/Coffee drink,"Frozen mocha coffee drink, decaffeinated",92102060,0,1,0,13.13,4,8.3,0,0,0,0.827,1.51,37,0.091,1,12.23,0.027,84,0.178,0.039,0.509,0.89,57,0.039,0.02,21,52,99,34,0.25,37,0.24,0.028,0.1,0.01,0.1
Coffee/Coffee drink,Frozen mocha coffee drink,92102000,0,1,0,13.07,4,8.6,0,0,0,0.849,1.5,37,0.091,1,12.17,0.027,84.06,0.178,0.04,0.507,0.88,57,0.039,0.02,21,52,99,34,0.25,37,0.24,0.028,0.1,0.02,0.1
Coffee/Coffee drink,"Frozen mocha coffee drink, decaffeinated, with non-dairy milk",92102080,0,0,0,13.19,0,6.2,0.1,0,0,0.886,0.68,32,0.073,0.7,11.9,0.007,85.09,0.212,0.257,0.077,0.58,68,0.079,0.18,20,18,70,43,0.13,32,0.19,0.008,0,0.63,0.7
Coffee/Coffee drink,"Frozen mocha coffee drink, with non-dairy milk",92102020,0,0,0,13.13,0,6.4,0.1,0,0,0.906,0.68,31,0.073,0.7,11.85,0.007,85.15,0.211,0.256,0.077,0.58,68,0.079,0.18,21,18,70,42,0.13,31,0.19,0.008,0,0.63,0.7
Coffee/Coffee drink,"Frozen mocha coffee drink, decaffeinated, nonfat, with whipped cream",92102100,0,5,0,12.59,7,8.8,0,0,0,0.79,1.61,48,0.093,1.2,11.81,0.025,83.35,0.479,0.097,1.226,1.94,60,0.038,0.02,20,54,102,34,0.26,48,0.25,0.027,0.1,0.05,0.2
Coffee/Coffee drink,"Frozen mocha coffee drink, nonfat, with whipped cream",92102040,0,5,0,12.54,7,9,0,0,0,0.811,1.61,48,0.094,1.2,11.76,0.025,83.42,0.476,0.097,1.221,1.93,60,0.038,0.03,21,54,102,34,0.26,48,0.25,0.027,0.1,0.05,0.2
Coffee/Coffee drink,"Frozen mocha coffee drink, decaffeinated, with whipped cream",92102090,0,5,0,12.6,9,8.8,0,0,0,0.788,1.58,56,0.096,1.1,11.74,0.027,82.64,0.641,0.119,1.675,2.71,58,0.037,0.02,20,53,99,34,0.25,56,0.24,0.029,0.1,0.06,0.3
Coffee/Coffee drink,"Frozen mocha coffee drink, with whipped cream",92102030,0,5,0,12.55,9,9,0,0,0,0.808,1.57,56,0.096,1.1,11.69,0.027,82.7,0.638,0.118,1.668,2.7,58,0.037,0.03,21,52,99,34,0.25,56,0.24,0.029,0.1,0.06,0.3
Coffee/Coffee drink,"Frozen mocha coffee drink, decaffeinated, with non-dairy milk and whipped cream",92102110,0,4,0,12.66,6,6.7,0.1,0,0,0.843,0.79,51,0.079,0.8,11.44,0.008,83.68,0.671,0.325,1.263,2.41,68,0.076,0.17,20,20,71,42,0.14,51,0.19,0.009,0.1,0.64,0.8
Coffee/Coffee drink,"Frozen mocha coffee drink, with non-dairy milk and whipped cream",92102050,0,4,0,12.6,6,6.9,0.1,0,0,0.863,0.79,51,0.079,0.8,11.39,0.008,83.74,0.668,0.324,1.257,2.4,68,0.076,0.17,20,20,71,42,0.13,51,0.19,0.009,0.1,0.64,0.8
Coffee/Coffee drink,"Coffee, bottled/canned",92171000,0,0,0,12.6,5,0,0,0,0,1.32,1.98,0,0.193,0,10.67,0.043,83.56,0.293,0.038,0,1.38,74,0.002,0.04,9,59,175,26,0.26,0,0.51,0,0,0.01,0.1
Coffee/Coffee drink,"Coffee, Cafe Mocha, decaffeinated, nonfat",92101970,0,2,0,10.22,2,12.6,0,0,0,0.882,2.61,48,0.129,1.7,9.42,0.039,86.36,0.013,0.018,0.051,0.09,100,0.038,0.02,25,88,155,47,0.4,48,0.35,0.041,0,0,0
Coffee/Coffee drink,"Coffee, Cafe Mocha, nonfat",92101955,0,2,0,10.17,2,12.8,0,0,0,0.903,2.6,48,0.129,1.6,9.37,0.039,86.41,0.013,0.019,0.051,0.09,100,0.038,0.02,25,87,155,47,0.4,48,0.35,0.041,0,0,0
Coffee/Coffee drink,"Coffee, Cafe Mocha",92101950,0,2,0,10.23,6,12.9,0,0,0,0.877,2.56,63,0.133,1.5,9.3,0.041,85.07,0.303,0.058,0.855,1.47,96,0.037,0.02,25,84,149,46,0.38,63,0.33,0.043,0.2,0.02,0.2
Coffee/Coffee drink,"Coffee, Cafe Mocha, decaffeinated",92101965,0,2,0,10.23,6,12.6,0,0,0,0.877,2.55,63,0.133,1.5,9.3,0.041,85.07,0.303,0.058,0.855,1.47,96,0.037,0.02,25,84,149,46,0.38,63,0.33,0.043,0.2,0.02,0.2
Coffee/Coffee drink,"Coffee, Cafe Mocha, decaffeinated, with non-dairy milk",92101975,0,1,0,10.35,0,10.3,0.1,0,0,0.977,1.15,54,0.103,1.1,8.77,0.012,86.91,0.359,0.426,0.121,0.94,114,0.106,0.28,23,26,99,60,0.18,54,0.32,0.013,0,1.07,1.2
Coffee/Coffee drink,"Coffee, Cafe Mocha, with non-dairy milk",92101960,0,1,0,10.3,0,10.5,0.1,0,0,0.998,1.14,53,0.103,1.1,8.73,0.012,86.97,0.358,0.425,0.12,0.94,113,0.106,0.28,24,26,99,60,0.18,53,0.32,0.013,0,1.06,1.2
Coffee/Coffee drink,"Coffee, Iced Cafe Mocha, decaffeinated, nonfat",92102611,0,1,0,8.98,1,8.7,0,0,0,0.87,1.62,30,0.091,1.1,8.11,0.027,88.81,0.008,0.017,0.037,0.06,63,0.041,0.02,22,57,108,37,0.27,30,0.27,0.028,0,0,0
Coffee/Coffee drink,"Coffee, Iced Cafe Mocha, nonfat",92102601,0,1,0,8.94,1,9,0,0,0,0.892,1.61,30,0.092,1.1,8.07,0.027,88.86,0.008,0.017,0.037,0.07,63,0.041,0.02,23,56,108,36,0.27,30,0.27,0.028,0,0,0
Coffee/Coffee drink,"Coffee, Iced Cafe Mocha, decaffeinated",92102610,0,1,0,8.99,4,8.7,0,0,0,0.867,1.58,39,0.094,1,8.03,0.028,88.02,0.187,0.041,0.533,0.92,60,0.04,0.02,22,55,104,36,0.26,39,0.26,0.03,0.1,0.02,0.1
Coffee/Coffee drink,"Coffee, Iced Cafe Mocha",92102600,0,1,0,8.95,4,9,0,0,0,0.889,1.58,39,0.095,1,7.99,0.028,88.07,0.186,0.041,0.531,0.91,60,0.04,0.02,22,55,104,35,0.26,39,0.26,0.03,0.1,0.02,0.1
Coffee/Coffee drink,"Coffee, Iced Cafe Mocha, decaffeinated, with non-dairy milk",92102612,0,0,0,9.06,0,6.5,0.1,0,0,0.928,0.72,33,0.075,0.7,7.71,0.008,89.16,0.222,0.269,0.08,0.59,71,0.083,0.18,21,19,73,45,0.14,33,0.2,0.008,0,0.66,0.7
Coffee/Coffee drink,"Coffee, Iced Cafe Mocha, with non-dairy milk",92102602,0,0,0,9.02,0,6.7,0.1,0,0,0.95,0.72,33,0.076,0.7,7.67,0.007,89.2,0.221,0.268,0.08,0.59,71,0.083,0.18,22,19,73,44,0.13,33,0.2,0.008,0,0.66,0.7
Coffee/Coffee drink,"Coffee, Latte, decaffeinated, nonfat, flavored",92101918,0,2,0,7.52,2,13.4,0,0,0,0.923,2.79,52,0.135,1.6,7.38,0.041,88.91,0.014,0.019,0.054,0.1,107,0.01,0.02,23,88,153,35,0.37,52,0.38,0.042,0,0,0
Coffee/Coffee drink,"Coffee, Latte, nonfat, flavored",92101905,0,2,0,7.48,2,13.6,0,0,0,0.946,2.78,51,0.135,1.6,7.35,0.041,88.95,0.014,0.02,0.054,0.1,106,0.01,0.02,23,87,153,35,0.37,51,0.37,0.042,0,0,0
Coffee/Coffee drink,"Coffee, Latte, decaffeinated, flavored",92101917,0,2,0,7.53,6,13.4,0,0,0,0.918,2.72,67,0.139,1.5,7.26,0.043,87.53,0.323,0.061,0.911,1.57,102,0.009,0.02,22,84,147,34,0.36,67,0.36,0.045,0.2,0.02,0.2
Coffee/Coffee drink,"Coffee, Latte, flavored",92101904,0,2,0,7.5,6,13.6,0,0,0,0.941,2.71,67,0.14,1.5,7.22,0.043,87.59,0.321,0.062,0.907,1.57,102,0.009,0.02,23,84,147,34,0.35,67,0.35,0.044,0.2,0.03,0.2
Coffee/Coffee drink,"Coffee, Latte, decaffeinated, with non-dairy milk, flavored",92101919,0,1,0,7.66,0,10.9,0.2,0,0,1.024,1.22,57,0.107,1,6.7,0.012,89.49,0.383,0.454,0.129,1.01,121,0.083,0.3,21,22,94,49,0.14,57,0.34,0.013,0,1.14,1.2
Coffee/Coffee drink,"Coffee, Latte, with non-dairy milk, flavored",92101906,0,1,0,7.63,0,11.1,0.2,0,0,1.046,1.22,57,0.107,1,6.66,0.012,89.54,0.381,0.452,0.128,1.01,121,0.082,0.3,21,22,94,49,0.14,57,0.34,0.013,0,1.13,1.2
Coffee/Coffee drink,"Coffee, Turkish",92101600,0,0,0,6.47,0,2.4,0,0,0,0.179,0.11,0,0.072,0,6.48,0.013,92.94,0.014,0.001,0.002,0.04,2,0.002,0.01,3,3,46,2,0.02,0,0,0.001,0,0.01,0.1
Coffee/Coffee drink,"Coffee, Cuban",92101800,0,0,0,7.84,0,2.4,0,0,0,4.879,0.11,0,0.167,0,6.28,0.001,91.64,0,0.086,0.086,0.19,2,0.047,0.12,75,7,108,13,0.05,0,0,0.002,0.2,0.01,0.1
Coffee/Coffee drink,"Coffee, Iced Latte, decaffeinated, nonfat, flavored",92102514,0,1,0,6.12,1,9.3,0,0,0,0.911,1.73,32,0.095,1,5.92,0.028,91.61,0.008,0.018,0.04,0.08,67,0.012,0.02,20,55,103,24,0.23,32,0.29,0.029,0,0,0
Coffee/Coffee drink,"Coffee, bottled/canned, light",92171010,0,1,0,5.91,3,8.1,0,0,0,0.155,1.27,30,0.095,0.7,5.91,0.029,91.57,0.152,0.021,0.397,0.7,46,0.002,0.01,6,39,86,15,0.17,30,0.2,0.022,0.1,0.02,0.1
Coffee/Coffee drink,"Coffee, Iced Latte, nonfat, flavored",92102504,0,1,0,6.09,1,9.5,0,0,0,0.935,1.72,32,0.095,1,5.89,0.028,91.64,0.008,0.018,0.04,0.08,67,0.012,0.02,20,54,103,24,0.23,32,0.29,0.029,0,0,0
Coffee/Coffee drink,"Coffee, macchiato, sweetened",92101820,0,1,0,6.9,3,6.8,0,0,0,3.374,1.13,18,0.158,0.6,5.85,0.017,90.82,0.134,0.08,0.426,0.76,41,0.033,0.09,55,37,123,21,0.17,19,0.14,0.018,0.1,0.02,0.1
Coffee/Coffee drink,"Coffee, Iced Latte, decaffeinated, flavored",92102513,0,1,0,6.12,4,9.3,0,0,0,0.908,1.69,41,0.098,0.9,5.84,0.03,90.76,0.2,0.044,0.569,0.99,64,0.012,0.02,19,53,99,23,0.22,41,0.28,0.031,0.1,0.02,0.1
Coffee/Coffee drink,"Coffee, Iced Latte, flavored",92102503,0,1,0,6.1,4,9.5,0,0,0,0.932,1.68,41,0.098,0.9,5.81,0.029,90.8,0.199,0.044,0.567,0.98,64,0.012,0.02,20,52,99,23,0.22,41,0.27,0.031,0.1,0.02,0.1
Coffee/Coffee drink,"Coffee, Iced Latte, decaffeinated, with non-dairy milk, flavored",92102515,0,1,0,6.21,0,6.8,0.1,0,0,0.973,0.76,35,0.078,0.6,5.5,0.007,91.96,0.237,0.287,0.086,0.64,76,0.057,0.2,19,14,66,32,0.09,35,0.21,0.008,0,0.7,0.8
Coffee/Coffee drink,"Coffee, Iced Latte, with non-dairy milk, flavored",92102505,0,0,0,6.18,0,7.1,0.1,0,0,0.996,0.76,35,0.079,0.6,5.47,0.007,92,0.236,0.286,0.086,0.64,76,0.057,0.2,19,14,66,32,0.09,35,0.21,0.008,0,0.7,0.8
Coffee/Coffee drink,"Coffee, cafe con leche, decaffeinated",92101851,0,2,0,5.72,4,9.3,0,0,0,2.571,1.69,29,0.153,1,4.92,0.028,91.03,0.209,0.076,0.617,1.08,63,0.025,0.06,45,54,133,26,0.23,29,0.28,0.03,0.1,0.02,0.1
Coffee/Coffee drink,"Coffee, cafe con leche",92101850,0,2,0,5.64,4,9.9,0,0,0,2.613,1.67,28,0.154,0.9,4.84,0.028,91.14,0.206,0.077,0.608,1.06,62,0.025,0.06,45,53,132,26,0.23,28,0.27,0.03,0.1,0.02,0.1
Tea,"Tea, iced, instant, green, unsweetened",92305900,0,0,0,0,0,0,0,0,0,0,0,0,0,0,0,0,99.88,0,0,0,0,1,0.005,0,0,26,19,7,0.01,0,0,0,0,0,0
Coffee/Coffee drink,"Coffee, Latte, decaffeinated, nonfat",92101911,0,2,0,4.36,3,13.9,0,0,0,0.955,2.88,53,0.139,1.7,4.22,0.042,91.95,0.014,0.02,0.056,0.1,111,0.01,0.02,24,91,158,37,0.38,53,0.39,0.044,0,0,0
Coffee/Coffee drink,"Coffee, Latte, nonfat",92101901,0,2,0,4.35,2,14.1,0,0,0,0.978,2.87,53,0.139,1.7,4.2,0.042,91.98,0.014,0.021,0.056,0.1,110,0.01,0.02,24,90,158,36,0.38,53,0.39,0.044,0,0,0
Coffee/Coffee drink,"Coffee, Latte, decaffeinated",92101910,0,3,0,4.38,7,13.9,0,0,0,0.95,2.82,69,0.144,1.5,4.09,0.045,90.53,0.334,0.064,0.943,1.62,106,0.009,0.02,23,87,152,35,0.37,69,0.37,0.046,0.2,0.02,0.2
Coffee/Coffee drink,"Coffee, Latte",92101900,0,2,0,4.36,7,14.1,0,0,0,0.973,2.8,69,0.144,1.5,4.06,0.044,90.57,0.332,0.064,0.938,1.61,105,0.009,0.02,23,87,152,35,0.37,69,0.37,0.046,0.2,0.03,0.2
Coffee/Coffee drink,"Coffee, Latte, decaffeinated, with non-dairy milk",92101913,0,1,0,4.53,0,11.3,0.2,0,0,1.059,1.26,59,0.11,1,3.52,0.012,92.55,0.396,0.47,0.133,1.03,126,0.085,0.31,22,23,97,51,0.14,59,0.36,0.013,0,1.17,1.3
Coffee/Coffee drink,"Coffee, Latte, with non-dairy milk",92101903,0,1,0,4.51,0,11.5,0.2,0,0,1.082,1.26,59,0.11,1,3.5,0.012,92.58,0.394,0.468,0.133,1.03,125,0.085,0.31,22,23,97,51,0.14,59,0.35,0.013,0,1.17,1.3
Tea,"Tea, iced, instant, green, pre-sweetened with sugar",92305910,0,0,0,6.2,0,0,0,0,0,0,0,0,0,0,5.32,0,93.54,0,0,0,0.22,1,0.005,0,0,31,12,21,0.01,0,0,0,0,0,0
Tea,"Tea, iced, instant, green, pre-sweetened with low calorie sweetener",92305920,0,0,0,0.93,0,0,0,0,0,0,0,0,0,0,0.93,0,98.71,0,0,0,0,1,0.005,0,1,0,5,6,0.01,0,0,0,9.5,0,0
Coffee/Coffee drink,"Coffee, pre-lightened and pre-sweetened with sugar",92130000,0,0,0,5.11,0,0.9,0,0,0,0.223,0.15,0,0.001,0.1,3.45,0,93.83,0.203,0.01,0.397,0.7,4,0.011,0.04,4,8,42,7,0.01,0,0,0,0,0.03,0
Coffee/Coffee drink,"Coffee, decaffeinated, pre-lightened and pre-sweetened with sugar",92130001,0,0,0,5.11,0,0.9,0,0,0,0.222,0.14,0,0.011,0.2,3.45,0,93.83,0.203,0.009,0.397,0.69,4,0.011,0.04,3,8,42,7,0.01,0,0,0,0,0.03,0
Tea,"Tea, iced, instant, black, unsweetened",92305010,0,0,0,0.23,0,0.2,0,0,0,0.018,0.02,0,0.002,0,0.01,0,99.62,0,0,0,0,3,0.011,0,1,0,10,4,0.01,0,0,0.001,0,0,0
Coffee/Coffee drink,"Coffee, pre-sweetened with sugar",92130020,0,0,0,3.96,0,0.8,0,0,0,0.228,0.1,0,0.001,0.1,3.36,0,95.75,0,0.002,0.002,0.02,4,0.011,0.04,4,2,29,4,0.01,0,0,0,0,0,0
Coffee/Coffee drink,"Coffee, decaffeinated, pre-sweetened with sugar",92130021,0,0,0,3.97,0,0.8,0,0,0,0.227,0.09,0,0.012,0.2,3.36,0,95.75,0,0.001,0.001,0.01,4,0.01,0.03,3,2,28,4,0.01,0,0,0,0,0,0
Coffee/Coffee drink,"Coffee, Iced Latte, decaffeinated, nonfat",92102511,0,1,0,2.81,2,9.6,0,0,0,0.944,1.79,33,0.098,1,2.61,0.029,94.84,0.009,0.019,0.041,0.07,70,0.012,0.02,20,56,106,25,0.24,33,0.3,0.03,0,0,0
Coffee/Coffee drink,"Coffee, Iced Latte, nonfat",92102501,0,1,0,2.8,2,9.8,0,0,0,0.967,1.78,33,0.098,1,2.6,0.029,94.86,0.009,0.019,0.041,0.07,69,0.013,0.02,21,56,106,24,0.24,33,0.3,0.03,0,0,0
Coffee/Coffee drink,"Coffee, Cappuccino, decaffeinated, nonfat",92162001,0,1,0,2.76,2,8.5,0,0,0,0.924,1.75,32,0.096,1,2.56,0.026,94.94,0.009,0.018,0.04,0.07,68,0.013,0.02,20,55,104,24,0.24,32,0.24,0.027,0,0,0
Coffee/Coffee drink,"Coffee, Cappuccino, nonfat",92161001,0,1,0,2.75,2,8.7,0,0,0,0.948,1.75,32,0.096,1,2.54,0.026,94.96,0.009,0.019,0.04,0.07,68,0.013,0.02,20,55,104,24,0.24,32,0.23,0.027,0,0,0
Coffee/Coffee drink,"Coffee, Iced Latte, decaffeinated",92102510,0,2,0,2.82,4,9.6,0,0,0,0.94,1.75,43,0.101,0.9,2.53,0.031,93.96,0.207,0.046,0.589,1.01,66,0.012,0.02,20,54,102,23,0.23,43,0.28,0.032,0.1,0.02,0.1
Coffee/Coffee drink,"Coffee, Iced Latte",92102500,0,2,0,2.82,4,9.8,0,0,0,0.964,1.74,43,0.101,0.9,2.51,0.031,93.98,0.206,0.046,0.587,1.01,66,0.012,0.02,20,54,102,23,0.23,43,0.28,0.032,0.1,0.02,0.1
Coffee/Coffee drink,"Coffee, Cappuccino, decaffeinated",92162000,0,2,0,2.77,4,8.5,0,0,0,0.921,1.71,42,0.099,0.9,2.48,0.027,94.08,0.202,0.045,0.577,0.99,65,0.012,0.02,20,53,100,23,0.23,42,0.22,0.028,0.1,0.02,0.1
Coffee/Coffee drink,"Coffee, Cappuccino",92161000,0,2,0,2.76,4,8.7,0,0,0,0.945,1.71,42,0.099,0.9,2.46,0.027,94.1,0.201,0.045,0.575,0.99,65,0.012,0.02,20,53,100,23,0.23,42,0.22,0.028,0.1,0.02,0.1
Coffee/Coffee drink,"Coffee, Iced Latte, decaffeinated, with non-dairy milk",92102512,0,1,0,2.92,0,7.1,0.1,0,0,1.008,0.79,37,0.08,0.6,2.18,0.008,95.2,0.246,0.298,0.089,0.65,79,0.059,0.2,19,15,68,33,0.09,37,0.22,0.008,0,0.73,0.8
Coffee/Coffee drink,"Coffee, Iced Latte, with non-dairy milk",92102502,0,1,0,2.91,0,7.3,0.1,0,0,1.031,0.79,36,0.081,0.6,2.17,0.008,95.22,0.244,0.296,0.089,0.65,79,0.059,0.2,20,15,68,33,0.09,36,0.22,0.008,0,0.72,0.8
Coffee/Coffee drink,"Coffee, Cappuccino, decaffeinated, with non-dairy milk",92162002,0,1,0,2.87,0,6.9,0.1,0,0,0.983,0.78,36,0.079,0.6,2.15,0.008,95.28,0.242,0.293,0.087,0.64,78,0.058,0.2,19,14,66,33,0.09,36,0.22,0.008,0,0.72,0.8
Coffee/Coffee drink,"Coffee, Cappuccino, with non-dairy milk",92161002,0,1,0,2.86,0,7.2,0.1,0,0,1.006,0.78,36,0.079,0.6,2.14,0.008,95.29,0.241,0.292,0.087,0.64,77,0.058,0.2,19,14,67,33,0.09,36,0.22,0.008,0,0.71,0.8
Coffee/Coffee drink,"Coffee, macchiato",92101810,0,1,0,2.72,3,7.1,0,0,0,3.526,1.18,19,0.164,0.6,1.61,0.018,94.91,0.14,0.083,0.445,0.78,43,0.034,0.09,58,39,129,22,0.17,19,0.15,0.019,0.2,0.02,0.1
Tea,"Tea, iced, instant, black, pre-sweetened with sugar",92305040,0,0,0,7.31,0,0.1,0.1,0,0,0.009,0.01,0,0,0,7.07,0.001,92.5,0.002,0.016,0.007,0.05,3,0.01,0.02,1,0,13,4,0.01,0,0,0.001,0,0,0
Tea,"Tea, iced, instant, black, pre-sweetened with low calorie sweetener",92305090,0,0,0,0.44,0,0.2,0,0,0,0.02,0.02,0,0.002,0,0.01,0,99.41,0,0,0,0,3,0.01,0.05,2,1,14,6,0.01,0,0,0.001,0,0,0
Tea,"Tea, iced, instant, black, decaffeinated, unsweetened",92305180,0,0,0,0.17,0,0.3,0,0,0,0.032,0.06,0,0.003,0,0.02,0,99.62,0,0,0,0,3,0.012,0.01,2,1,18,4,0.02,0,0,0.001,0,0,0
Tea,"Tea, iced, instant, black, decaffeinated, pre-sweetened with sugar",92305050,0,0,0,7.89,0,0.3,0,0,0,0.029,0.06,0,0.004,0.1,7.76,0,91.89,0,0,0,0.02,3,0.011,0.01,2,1,17,4,0.02,0,0,0.001,0,0,0
Coffee/Coffee drink,"Coffee, pre-lightened and pre-sweetened with low calorie sweetener",92130005,0,0,0,2.37,0,0.9,0,0,0,0.229,0.15,0,0.001,0.1,0.6,0,96.56,0.209,0.01,0.409,0.7,4,0.011,0.04,4,9,43,7,0.01,0,0,0,0,0.03,0.1
Coffee/Coffee drink,"Coffee, decaffeinated, pre-lightened and pre-sweetened with low calorie sweetener",92130006,0,0,0,2.38,0,0.9,0,0,0,0.229,0.15,0,0.011,0.1,0.6,0,96.56,0.209,0.01,0.408,0.7,4,0.011,0.04,4,8,43,7,0.01,0,0,0,0,0.03,0.1
Coffee/Coffee drink,"Coffee, pre-sweetened with low calorie sweetener",92130030,0,0,0,1.13,0,0.8,0,0,0,0.235,0.1,0,0.001,0.1,0.45,0,98.59,0,0.002,0.002,0,4,0.011,0.04,4,3,29,4,0.01,0,0,0,0,0,0
Coffee/Coffee drink,"Coffee, decaffeinated, pre-sweetened with low calorie sweetener",92130031,0,0,0,1.14,0,0.8,0,0,0,0.234,0.1,0,0.011,0.1,0.45,0,98.59,0,0.001,0.001,0,4,0.01,0.03,4,2,29,4,0.01,0,0,0,0,0,0
Coffee/Coffee drink,"Coffee, pre-lightened",92130010,0,0,0,1.88,0,0.9,0,0,0,0.231,0.15,0,0.001,0.1,0.17,0,97.04,0.21,0.01,0.411,0.71,4,0.011,0.04,4,9,43,7,0.01,0,0,0,0,0.03,0.1
Coffee/Coffee drink,"Coffee, decaffeinated, pre-lightened",92130011,0,0,0,1.89,0,0.9,0,0,0,0.23,0.15,0,0.011,0.1,0.17,0,97.03,0.21,0.01,0.411,0.71,4,0.011,0.04,4,9,43,7,0.01,0,0,0,0,0.03,0.1
Coffee/Coffee drink,"Coffee, NS as to type",92100000,0,0,0,0,0,2.6,0,0,0,0.191,0.12,0,0.076,0,0,0.014,99.39,0.015,0.001,0.002,0.02,2,0.002,0.01,3,3,49,2,0.02,0,0,0.001,0,0.01,0.1
Tea,"Tea, iced, instant, black, decaffeinated, pre-sweetened with low calorie sweetener",92305110,0,0,0,0.72,0,0.3,0,0,0,0.032,0.03,0,0.003,0,0.02,0,99.09,0,0,0,0,3,0.011,0.07,2,1,21,7,0.02,0,0,0.001,0,0,0
Coffee/Coffee drink,"Coffee, brewed",92101000,0,0,0,0,0,2.6,0,0,0,0.191,0.12,0,0.076,0,0,0.014,99.39,0.015,0.001,0.002,0.02,2,0.002,0.01,3,3,49,2,0.02,0,0,0.001,0,0.01,0.1
Coffee/Coffee drink,"Coffee, brewed, blend of regular and decaffeinated",92101500,0,0,0,0,0,1.8,0,0,0,0.206,0.11,0,0.038,0,0,0.007,99.34,0.008,0.002,0.002,0.01,2,0.005,0.03,4,2,52,2,0.02,0,0,0,0,0,0.1
Coffee/Coffee drink,"Coffee, espresso",92101610,0,0,0,1.67,0,2.6,0,0,0,5.207,0.12,0,0.177,0,0,0.001,97.8,0,0.092,0.092,0.18,2,0.05,0.13,80,7,115,14,0.05,0,0,0.002,0.2,0.01,0.1
Coffee/Coffee drink,"Coffee, espresso, decaffeinated",92101630,0,0,0,1.69,0,1,0,0,0,5.207,0.1,0,0.177,0,0,0.001,97.8,0,0.092,0.092,0.18,2,0.05,0.13,80,7,115,14,0.05,0,0,0.002,0.2,0,0.1
Coffee/Coffee drink,"Coffee, brewed, flavored",92101700,0,0,0,0,0,2.6,0,0,0,0.191,0.12,0,0.076,0,0,0.014,99.39,0.015,0.001,0.002,0.02,2,0.002,0.01,3,3,49,2,0.02,0,0,0.001,0,0.01,0.1
Nutritional drink or shake,"Nutritional drink or shake, ready-to-drink (Carnation Instant Breakfast)",95102000,0,3,0,12.95,9,35.1,0.1,0,0,1.971,5.52,133,0.145,3.2,12.91,0.161,78.29,0.411,0.093,1.084,1.92,147,0.189,1.69,40,145,261,84,1.5,133,0.71,0.202,10.2,1.26,12
Coffee/Coffee drink,"Coffee, NS as to brewed or instant, decaffeinated",92111000,0,0,0,0,0,1,0,0,0,0.222,0.1,0,0,0.1,0,0,99.3,0,0.002,0.002,0,2,0.007,0.05,5,1,54,2,0.02,0,0,0,0,0,0.1
Coffee/Coffee drink,"Coffee, NS as to brewed or instant",92100500,0,0,0,0,0,2.6,0,0,0,0.191,0.12,0,0.076,0,0,0.014,99.39,0.015,0.001,0.002,0.02,2,0.002,0.01,3,3,49,2,0.02,0,0,0.001,0,0.01,0.1
Coffee/Coffee drink,"Coffee, brewed, decaffeinated",92111010,0,0,0,0,0,1,0,0,0,0.222,0.1,0,0,0.1,0,0,99.3,0,0.002,0.002,0,2,0.007,0.05,5,1,54,2,0.02,0,0,0,0,0,0.1
Coffee/Coffee drink,"Coffee, mocha, instant, pre-lightened and pre-sweetened with sugar, reconstituted",92121020,0,0,0,6.49,0,2.3,0.1,0,0,0.162,0.43,0,0.002,0.4,4.32,0.002,90.93,0.836,0.084,0.737,1.8,22,0.041,0,6,24,87,29,0.08,0,0.03,0.004,0,0.02,0.1
Coffee/Coffee drink,"Coffee, mocha, instant, pre-lightened and pre-sweetened with low calorie sweetener, reconstituted",92121030,0,0,0,2.46,0,0.7,0.2,0,0,0.202,0.32,0,0.004,0.2,1.14,0.001,96.57,0.031,0.012,0.371,0.43,5,0.028,0.11,6,15,67,20,0.04,0,0,0.001,0,0,0.1
Coffee/Coffee drink,"Coffee, mocha, instant, decaffeinated, pre-lightened and pre-sweetened with low calorie sweetener, reconstituted",92121050,0,0,0,2.33,0,0.5,0.2,0,0,0.152,0.29,0,0.004,0.1,1.14,0.001,96.74,0.031,0.011,0.372,0.43,5,0.028,0.1,5,15,61,20,0.04,0,0,0.001,0,0,0.1
Coffee/Coffee drink,"Coffee, instant, reconstituted",92103000,0,0,0,0.63,0,0.9,0,0,0,0.236,0.1,0,0.001,0.1,0,0,99.09,0,0.002,0.002,0,4,0.011,0.04,4,3,30,4,0.01,0,0,0,0,0,0
Cold drink/Smoothie,"Fruit smoothie juice drink, with dairy",11553130,5,7,0,15.05,1,4,0.9,17,0,0.217,0.86,1,0.028,0.3,12.68,0.023,83.61,0.049,0.052,0,0.14,20,0.038,0.14,11,11,131,14,0.09,2,0,0.108,5.2,0.03,0.3
Cold drink/Smoothie,"Fruit and vegetable smoothie, bottled",78101120,5,247,15,12.53,0,4.3,0.7,183,0,0.29,0.6,0,0.09,0.4,11.15,0.07,86.25,0.04,0.073,0.053,0.26,11,0.053,0.42,10,15,165,6,0.06,21,0.63,0.075,8.2,0.3,21.2
Cold drink/Smoothie,Licuado or Batido,11551050,4,8,0,13.1,5,13.9,0.7,8,0,0.242,2.4,37,0.104,1.5,10.86,0.045,82.44,0.281,0.076,0.758,1.38,83,0.022,0.11,14,72,184,25,0.32,38,0.35,0.109,9.9,0.08,0.5
Cold drink/Smoothie,"Fruit smoothie, bottled",64134200,7,11,9,11.66,0,3.8,0.6,26,0,0.31,0.48,0,0.057,0.4,10.05,0.04,87.28,0.016,0.029,0.061,0.27,10,0.04,0.2,14,18,201,2,0.08,2,0,0.115,8.4,0.13,2.1
Cold drink/Smoothie,"Horchata beverage, made with milk",92610030,0,2,1,19.66,2,3.6,0.4,1,0,0.535,1.42,5,0.03,2.2,9.56,0.079,78.01,0.137,0.039,0.323,0.63,30,0.036,0.57,6,31,41,9,0.22,5,0.09,0.031,0,0.03,0.2
Cold drink/Smoothie,"Fruit and vegetable smoothie, no dairy",78101125,13,915,12,14.5,0,9.7,1.5,1976,0,0.497,1.18,0,0.076,0.6,8.53,0.045,83.23,0.024,0.068,0.059,0.24,44,0.07,0.59,28,29,307,14,0.17,77,0,0.205,23.3,0.46,77.6
Cold drink/Smoothie,"Fruit smoothie, NFS",11553100,3,14,0,11.65,4,11.8,1.2,19,0,0.311,2.4,19,0.11,1.6,8.23,0.039,84.22,0.236,0.094,0.57,1.07,81,0.03,0.22,14,68,180,28,0.37,20,0.28,0.092,9,0.16,3.3
Cold drink/Smoothie,"Fruit smoothie, with whole fruit and dairy",11553110,3,14,0,11.66,4,11.8,1.2,19,0,0.311,2.4,19,0.11,1.6,8.23,0.039,84.22,0.236,0.094,0.57,1.07,81,0.03,0.22,14,68,180,28,0.37,20,0.28,0.092,9,0.16,3.3
Cold drink/Smoothie,"Fruit smoothie, with whole fruit, no dairy",64134015,7,20,10,13.11,0,6.5,1.7,35,0,0.443,0.64,0,0.044,0.4,8.2,0.035,85.51,0.038,0.099,0.038,0.27,27,0.048,0.3,12,20,175,2,0.1,2,0,0.113,23.9,0.27,4.3
Cold drink/Smoothie,"Horchata beverage, made with water",92610020,0,1,1,20.45,0,0.9,0.5,1,0,0.633,1.09,0,0.009,2.3,8.07,0.086,78.13,0.032,0.027,0.029,0.13,13,0.043,0.7,5,18,20,4,0.18,0,0,0.025,0,0.03,0.2
Cold drink/Smoothie,"Fruit and vegetable smoothie, with dairy",78101100,12,915,7,13.22,2,12,1.4,1972,0,0.464,1.7,11,0.095,0.9,7.86,0.048,83.59,0.103,0.075,0.284,0.61,57,0.062,0.57,28,44,303,21,0.24,88,0.11,0.202,16.7,0.42,77.7
Cold drink/Smoothie,"Fruit smoothie juice drink, no dairy",64134030,9,16,12,12.4,0,6.2,1.2,23,0,0.379,0.63,0,0.042,0.4,7.67,0.032,86.31,0.02,0.042,0.031,0.15,30,0.048,0.3,13,20,189,2,0.1,2,0,0.116,27.1,0.18,0.7
Cold drink/Smoothie,"Fruit smoothie, with whole fruit, no dairy, added protein",64134020,7,19,9,12.62,1,22.3,1.8,33,0,0.493,6.26,0,0.187,2.3,7.6,0.076,79.56,0.046,0.114,0.092,0.37,59,0.048,0.36,26,114,199,13,0.54,2,0.18,0.149,22.1,0.25,4
Cold drink/Smoothie,"Fruit and vegetable smoothie, non-dairy",78101115,12,915,7,13,0,10.2,1.5,1972,0,0.476,1.26,15,0.08,0.7,7.5,0.038,84.43,0.114,0.142,0.103,0.45,65,0.074,0.63,27,27,288,25,0.18,92,0.06,0.192,16.7,0.77,77.8
Cold drink/Smoothie,"Fruit and vegetable smoothie, added protein",78101110,11,845,7,12.68,3,28.3,1.5,1821,0,0.515,7.59,11,0.243,2.9,7.25,0.091,77.42,0.107,0.092,0.322,0.68,89,0.061,0.61,41,142,318,32,0.7,82,0.29,0.233,15.4,0.39,71.7
Cold drink/Smoothie,"Fruit smoothie, with whole fruit and dairy, added protein",11553120,0,12,0,9.71,5,25.5,1.1,17,0,0.312,7.38,21,0.236,3.3,7.14,0.077,80.44,0.26,0.11,0.649,1.21,116,0.025,0.28,23,154,174,40,0.77,22,0.46,0.085,8.4,0.16,3.5
Cold drink/Smoothie,"Fruit smoothie, light",64134100,3,13,0,9.69,2,12.1,1.1,18,0,0.309,2.65,21,0.116,1.7,7.01,0.04,86.34,0.144,0.078,0.315,0.62,91,0.028,0.21,14,75,189,31,0.42,22,0.31,0.091,8.5,0.15,3.2
Cold drink/Smoothie,"Fruit and vegetable smoothie, non-dairy, added protein",78101118,11,844,7,12.48,1,26.7,1.6,1821,0,0.527,7.18,14,0.23,2.7,6.92,0.082,78.19,0.118,0.154,0.155,0.53,96,0.072,0.67,40,127,304,35,0.64,85,0.24,0.224,15.4,0.71,71.8
Cold drink/Smoothie,"Frozen daiquiri mix, from frozen concentrate, reconstituted",92512050,0,0,2,16.37,0,0.7,0,3,0,0.006,0.02,0,0.004,0.1,5.61,0.002,83.52,0,0.002,0.001,0,3,0.012,0.01,1,0,5,3,0.01,0,0,0.001,1,0,0
Cold drink/Smoothie,"Fruit smoothie, with whole fruit, non-dairy",64134025,3,18,0,11.73,0,18,1.3,19,0,0.362,1.47,21,0.044,3.8,4.97,0.031,85.14,0.258,0.438,0.156,0.95,80,0.06,0.55,19,22,115,26,0.16,23,0.08,0.071,9.1,0.72,4.3
Cold drink/Smoothie,"Frozen fruit juice bar, no sugar added",63420205,0,1,0,7.35,0,0.4,0.1,3,0,0.016,0.12,0,0.002,0,3.12,0.001,92.46,0,0.003,0,0.01,0,0,0.62,1,1,15,9,0.43,0,0,0.002,10.3,0,0.1
Energy drink,Energy drink (No Fear Motherload),95310555,0,0,0,15,0,0,0,0,0,0,0.42,0,0,7.3,13.75,0,84.52,0,0,0,0,0,0,0,0,0,10,48,0.63,0,2.5,0.833,25,0,0
Energy drink,Energy drink (No Fear),95310550,0,0,0,15,0,0,0,0,0,0,0.42,0,0,7.3,13.75,0,84.52,0,0,0,0,0,0,0,0,0,10,48,0.63,0,2.5,0.833,25,0,0
Energy drink,Energy drink (Vault),95310800,0,0,0,12.99,0,0.3,0,0,0,0.015,0,0,0,0.2,12.99,0.025,86.73,0,0,0,0,2,0.005,0.02,3,0,3,12,0,0,0,0,0,0,0
Energy drink,Energy drink (Rockstar),95310700,0,0,0,12.7,0,0.3,0,0,0,9.82,0.34,0,1.6,0,12.26,0,87.08,0,0,0,0.22,1,0,0.05,0,0,6,16,0.05,0,3.77,1.353,0,0,0
Energy drink,Energy drink (Full Throttle),95310200,0,0,0,12.08,0,0.3,0,0,0,1.667,0.25,0,0,0.2,12.08,0.025,87.3,0,0,0,0.08,13,0.005,0.02,3,0,3,35,0,0,0.25,0.167,0,0,0
Energy drink,Energy drink (Mountain Dew AMP),95310500,0,0,0,12.08,0,0.3,0,0,0,2,0.25,0,0.34,0.2,12.08,0.025,87.3,0,0,0,0.08,13,0.005,0.02,3,17,3,27,0,0,0.6,0.2,0,0,0
Energy drink,Energy drink (NOS),95310560,0,0,0,11.25,0,0,0,0,0,0,0,0,0,0,11.25,0,88.45,0,0,0,0,0,0,0,0,0,0,85,0,0,2.5,0.833,0,0,0
Energy drink,Energy drink (Monster),95310400,0,0,0,11.28,0,0,0,0,0,10.16,0.47,0,0.81,0,10.93,0.04,88.05,0,0,0,0,0,0.002,0.04,0,0,2,77,0.01,0,2.57,1.01,0,0,0
Energy drink,Energy drink (SoBe Energize Energy Juice Drink),95310750,0,0,0,11.27,0,0,0,0,0,0,0,0,0,0,10.42,0,88.45,0,0,0,0,8,0,0,0,0,4,10,0,0,0,0,25,0,0
Energy drink,Energy Drink,95311000,0,0,0,10.23,0,0.3,0,0,0,9.827,0.46,0,0.103,0.2,10.22,0.04,89.22,0,0,0,0,6,0.002,0.06,19,0,3,39,0.01,0,1.97,2.167,0,0,0
Energy drink,Energy drink (Red Bull),95310600,0,0,0,10.23,0,0.3,0,0,0,9.827,0.46,0,0.103,0.2,10.22,0.04,89.22,0,0,0,0,6,0.002,0.06,19,0,3,39,0.01,0,1.97,2.167,0,0,0
Energy drink,Energy drink (Ocean Spray Cran-Energy Juice Drink),95312560,0,0,0,3.75,0,0.4,0,0,0,4.167,0,0,0.354,0,3.75,0.003,96.18,0,0,0,0,0,0.01,0,2,1,0,21,0.01,0,1.25,0.417,25,0,0.1
Energy drink,"Energy drink, low calorie (Monster)",95312400,0,0,0,1.38,0,0,0,0,0,8.333,0,0,0.708,0,1.38,0,98.35,0,0,0,0,0,0,0,0,0,0,75,0,0,2.5,0.833,0,0,0
Energy drink,"Energy drink, sugar free (Monster)",95312410,0,0,0,1.38,0,0,0,0,0,8.333,0,0,0.708,0,1.38,0,98.35,0,0,0,0,0,0,0,0,0,0,75,0,0,2.5,0.833,0,0,0
Energy drink,"Energy drink, sugar free (Mountain Dew AMP)",95312500,0,0,0,1.03,0,0,0,0,0,0.833,0,0,0.142,0.2,0,0,98.35,0,0,0,0,0,0.005,0,3,17,2,31,0,0,0.25,0.083,0,0,0
Energy drink,"Energy drink, sugar free (No Fear)",95312550,0,0,0,0.42,0,0,0,0,0,0,0.42,0,0,0,0,0,99.11,0,0,0,0,0,0,0,0,0,0,42,0,0,2.5,0.833,25,0,0
Energy drink,"Energy drink, sugar-free (NOS)",95312555,0,0,0,1.03,0,0,0,0,0,0,0,0,0,0,0,0,98.35,0,0,0,0,0,0,0,0,0,0,85,0,0,2.5,0.833,0,0,0
Energy drink,"Energy drink, sugar-free (Red Bull)",95312600,0,0,0,0.7,0,0,0,0,0,8.5,0.25,0,0.575,0.2,0,0.025,98.35,0,0,0,0.08,13,0.005,0.02,3,0,3,83,0,0,1.99,1.995,0,0,0
Energy drink,"Energy drink, sugar free (Rockstar)",95312700,0,0,0,0.7,0,0,0,0,0,8.333,0.25,0,1.417,0.2,0,0.025,98.35,0,0,0,0.08,13,0.005,0.02,3,0,3,52,0,0,2.5,0.833,0,0,0
Energy drink,"Energy drink, sugar free (Vault)",95312800,0,0,0,0.7,0,0.3,0,0,0,0.015,0.25,0,0,0.2,0,0.025,98.35,0,0,0,0.08,2,0.005,0.02,3,0,3,14,0,0,0,0,0,0,0
Energy drink,"Energy drink, sugar free",95313200,0,0,0,0.7,0,0,0,0,0,8.416,0.25,0,0.996,0.2,0,0.025,98.35,0,0,0,0.08,13,0.005,0.02,3,0,3,68,0,0,2.24,1.414,0,0,0
Energy drink,Energy drink (XS Gold Plus),95312905,0,0,0,0.7,0,0,0,0,0,8.5,0.25,0,0.575,0.2,0,0.025,98.35,0,0,0,0.08,13,0.005,0.02,3,0,3,83,0,0,1.99,1.995,0,0,0
Energy drink,Energy drink (XS),95312900,0,0,0,0.7,0,0,0,0,0,8.5,0.25,0,0.575,0.2,0,0.025,98.35,0,0,0,0.08,13,0.005,0.02,3,0,3,83,0,0,1.99,1.995,0,0,0
Fruit juice/flavored drink/juice drink,"Prune juice, 100%",64132010,0,2,0,17.45,0,2.7,1,40,0,0.785,0.61,0,0.07,0.6,16.45,0.016,81.24,0.021,0.007,0.003,0.03,12,0.068,1.18,14,25,276,4,0.21,0,0,0.218,4.1,0.12,3.4
Fruit juice/flavored drink/juice drink,Fruit flavored drink,92511015,0,0,0,16.03,0,0,0,0,0,0,0,0,0,0,15.85,0,83.87,0,0,0,0,3,0.009,0,1,0,31,36,0,0,0,0,0,0,0
Fruit juice/flavored drink/juice drink,"Grape juice, baby food",67203800,1,46,0,15.38,0,6.5,0,83,0,0.2,0,0,0.02,0.1,15.3,0.01,84.4,0,0,0,0,12,0.028,0.3,10,11,90,10,0.05,4,0,0.06,33.8,0,16.9
Fruit juice/flavored drink/juice drink,Pear nectar,64215010,0,1,0,15.76,0,2,0.6,20,0,0.128,0.11,0,0.013,0,15.16,0.002,84.01,0.003,0.003,0.001,0.01,5,0.067,0.26,3,3,13,4,0.07,0,0,0.014,1.1,0.05,1.8
Fruit juice/flavored drink/juice drink,"Grape juice, 100%",64116020,0,5,0,14.77,0,3.2,0.2,57,0,0.133,0.37,0,0.015,0,14.2,0.017,84.51,0.003,0.022,0.025,0.13,11,0.018,0.25,10,14,104,5,0.07,0,0,0.032,25,0,0.4
Fruit juice/flavored drink/juice drink,"Grape juice, 100%, with calcium added",64116060,0,5,0,14.77,0,3.2,0.2,57,0,0.133,0.37,0,0.015,0,14.2,0.017,84.51,0.003,0.022,0.025,0.13,42,0.018,0.25,10,14,104,5,0.07,0,0,0.032,25,0,0.4
Fruit juice/flavored drink/juice drink,"Papaya juice, 100%",64120010,0,91,251,14.51,0,2,0.6,25,0,0.15,0.17,0,0.004,0.3,13.91,0.006,85.02,0.041,0.035,0.047,0.15,10,0.013,0.34,3,0,31,5,0.15,18,0,0.009,3,0.24,0.8
Fruit juice/flavored drink/juice drink,"Passion fruit juice, 100%",64121000,0,419,23,13.6,0,4,0.2,0,0,1.46,0.39,0,0.131,0.1,13.4,0,85.62,0.006,0.029,0.004,0.05,4,0.053,0.24,17,13,278,6,0.05,36,0,0.05,29.8,0.01,0.4
Fruit juice/flavored drink/juice drink,"Banana juice with lowfat yogurt, baby food",67250100,3,5,0,17.54,3,11.4,0.4,16,0,0.27,2.5,5,0.1,1.6,13.28,0.03,78.5,0.219,0.022,0.517,0.8,79,0.03,0.2,10,65,160,37,0.14,6,0.43,0.12,33.9,0.05,0.4
Fruit juice/flavored drink/juice drink,"Fruit punch, made with soda, fruit juice, and sherbet or ice cream",92510730,0,5,2,14.85,0,2.5,0.4,2,0,0.071,0.31,2,0.03,0.4,12.77,0.022,84.25,0.105,0.027,0.223,0.41,17,0.032,0.18,6,11,62,21,0.14,3,0.02,0.034,11.1,0.01,0.1
Fruit juice/flavored drink/juice drink,"Pomegranate juice, 100%",64126000,0,0,0,13.13,0,4.8,0.1,0,0,0.233,0.15,0,0.015,0.3,12.65,0.015,85.95,0.059,0.05,0.077,0.29,11,0.021,0.1,7,11,214,9,0.09,0,0,0.04,0.1,0.38,10.4
Fruit juice/flavored drink/juice drink,"Pomegranate juice beverage, 40-50% juice, light",92550380,0,0,0,13.13,0,4.8,0.1,0,0,0.233,0.15,0,0.015,0.3,12.65,0.015,85.95,0.059,0.05,0.077,0.29,11,0.021,0.1,7,11,214,9,0.09,0,0,0.04,0.1,0.38,10.4
Fruit juice/flavored drink/juice drink,"Fruit juice drink, with high vitamin C, plus added calcium",92582100,0,0,0,12.5,0,0,0,0,0,0,0,0,0,0,12.5,0,87.49,0,0,0,0,0,0,0,0,0,0,8,0,0,0,0,30,0,0
Fruit juice/flavored drink/juice drink,"Fruit nectar, NFS",64200100,0,402,26,13.12,0,1.5,0.3,0,0,0.08,0.11,0,0.003,0.4,12.45,0.003,86.63,0.022,0.011,0.014,0.06,17,0.015,0.36,3,2,24,5,0.02,35,0,0.015,15.2,0.21,0.8
Fruit juice/flavored drink/juice drink,"Cranberry juice, 100%, not a blend",64105400,0,27,0,12.2,0,3.3,0.1,68,0,0.091,0.39,0,0.018,0.1,12.1,0.009,87.13,0.023,0.07,0.01,0.13,8,0.055,0.25,6,13,77,2,0.1,2,0,0.052,9.3,1.2,5.1
Fruit juice/flavored drink/juice drink,"Cranberry juice drink, with high vitamin C",92530510,0,5,0,13.52,0,1.1,0,13,0,0.041,0,0,0,0.2,11.87,0,86.17,0.019,0.059,0.009,0.1,3,0.01,0.1,1,1,14,2,0.03,0,0,0,42.3,0.22,1
Fruit juice/flavored drink/juice drink,"Lemonade, fruit juice drink",92510955,0,0,0,12.08,0,0.5,0,0,0,0.009,0,0,0.003,0.1,11.67,0.002,87.9,0,0,0,0,2,0.016,0,2,1,10,6,0.01,0,0,0.004,3.1,0,0
Fruit juice/flavored drink/juice drink,"Fruit juice, acai blend",95342000,46,5784,23,12.83,0,0,1.2,783,899,9.06,0.83,0,0.04,0,11.1,0.03,84.88,0,0,0,0.83,19,0.076,0.16,11,13,130,13,0.11,485,3.4,1.1,42.1,11.11,16.7
Fruit juice/flavored drink/juice drink,"Apple-banana juice, baby food",67203200,3,4,0,12.3,0,2.3,0.2,16,0,0.14,0.2,0,0.01,0.3,11,0.01,87.1,0.004,0.034,0.018,0.1,7,0.02,0.2,6,8,123,4,0.04,0,0,0.06,27.9,0.02,0
Fruit juice/flavored drink/juice drink,"Cranberry juice blend, 100% juice",64100200,0,2,0,12.46,0,2.4,0.2,33,0,0.087,0.16,0,0.015,0.1,10.92,0.006,87.05,0.005,0.032,0.023,0.12,11,0.01,0.11,7,9,96,7,0.05,0,0,0.021,28.2,0.01,0.2
Fruit juice/flavored drink/juice drink,"Fruit juice, NFS",64100100,0,2,0,12.46,0,2.4,0.2,33,0,0.087,0.16,0,0.015,0.1,10.92,0.006,87.05,0.005,0.032,0.023,0.12,11,0.01,0.11,7,9,96,7,0.05,0,0,0.021,28.2,0.01,0.2
Fruit juice/flavored drink/juice drink,"Fruit juice blend, 100% juice",64100110,0,2,0,12.46,0,2.4,0.2,33,0,0.087,0.16,0,0.015,0.1,10.92,0.006,87.05,0.005,0.032,0.023,0.12,11,0.01,0.11,7,9,96,7,0.05,0,0,0.021,28.2,0.01,0.2
Fruit juice/flavored drink/juice drink,"Apple-grape juice, baby food",67203500,0,2,0,11.34,0,1.9,0.1,0,0,0.109,0.1,0,0.021,0.1,10.9,0.007,88.1,0.009,0.059,0.04,0.2,6,0.078,0.39,6,5,90,0,0.04,0,0,0.034,31.5,0,0
Fruit juice/flavored drink/juice drink,"Apple juice, baby food",67202000,0,8,6,11.7,0,1.8,0.1,16,0,0.083,0,0,0.016,0.1,10.7,0.007,88,0.002,0.031,0.018,0.1,4,0.04,0.57,3,5,91,8,0.03,1,0,0.029,57.9,0.6,0
Fruit juice/flavored drink/juice drink,"Fruit juice drink, with high vitamin C",92530610,0,0,0,11.35,0,1.8,0.1,16,0,0.036,0.13,5,0.014,0.1,10.69,0.003,88.1,0.002,0.03,0.017,0.11,3,0.013,0.25,5,7,122,8,0.04,5,0,0.032,25,0.05,0
Fruit juice/flavored drink/juice drink,"Mixed fruit juice, not citrus, with added calcium, baby food",67204100,0,2,0,12.7,0,2.2,0.4,21,0,0.1,0.2,0,0.02,0.1,10.6,0.01,86.5,0.004,0.029,0.02,0.1,64,0.02,0.3,7,11,86,4,0.04,0,0,0.05,21.2,0.01,0.1
Fruit juice/flavored drink/juice drink,"Apple-fruit juice blend, baby food",67203000,1,8,2,18.1,0,1.8,0.1,22,0,0.301,0.2,0,0.002,0.3,10.58,0.005,81.3,0.006,0.031,0.018,0.1,9,0.062,0.95,7,15,148,8,0.05,1,0,0.035,67.5,0.05,1.3
Fruit juice/flavored drink/juice drink,"Apple-prune juice, baby food",67203700,1,8,2,18.1,0,1.8,0.1,22,0,0.301,0.2,0,0.002,0.3,10.58,0.005,81.3,0.006,0.031,0.018,0.1,9,0.062,0.95,7,15,148,8,0.05,1,0,0.035,67.5,0.05,1.3
Fruit juice/flavored drink/juice drink,"Fruit juice blend, citrus, 100% juice",61213800,3,5,9,12.2,0,3.8,0.2,14,0,0.173,0.41,0,0.025,0.1,10.57,0.04,87.24,0.009,0.024,0.011,0.08,8,0.034,0.18,10,11,150,4,0.06,1,0,0.061,40.7,0.07,0.1
Fruit juice/flavored drink/juice drink,"Apple-cherry juice, baby food",67203400,0,11,0,11.2,0,1.9,0.3,21,0,0.11,0.2,0,0.02,0.1,10.5,0.01,88.2,0,0.03,0.02,0.1,7,0.02,0.35,3,12,110,4,0.03,1,0,0.03,32.1,0.02,0.2
Fruit juice/flavored drink/juice drink,Guava nectar,64203020,0,29,0,13.3,0,1.1,1.2,0,35,0.17,0.3,0,0.005,0.1,10.15,0.005,86.23,0.02,0.017,0.023,0.07,8,0.025,0.54,2,3,33,6,0.02,2,0,0.009,21.3,0.06,1
Fruit juice/flavored drink/juice drink,"Orange-apple-banana juice, baby food",67211000,1,5,22,11.5,0,4.1,0.1,59,0,0.263,0.4,0,0.027,0.1,10.03,0.043,87.6,0.007,0.027,0.016,0.1,5,0.044,0.35,6,8,134,0,0.03,1,0,0.062,32.1,0.02,0.1
Fruit juice/flavored drink/juice drink,"Pineapple juice, 100%",64124020,0,3,0,12.87,0,3.3,0.2,0,0,0.199,0.36,0,0.021,0.1,9.98,0.058,86.37,0.014,0.042,0.008,0.12,13,0.069,0.31,12,8,130,2,0.11,0,0,0.1,43.8,0.02,0.3
Fruit juice/flavored drink/juice drink,"Tangerine juice, 100%",61213220,13,36,203,10.1,0,6.2,0.2,158,0,0.1,0.5,0,0.02,0.1,9.9,0.057,88.9,0.036,0.04,0.024,0.2,18,0.025,0.2,8,14,178,1,0.03,12,0,0.042,29.4,0.13,0
Fruit juice/flavored drink/juice drink,"Cranberry juice blend, 100% juice, with calcium added",64100220,0,15,0,10.91,0,1.8,0.1,68,0,0.094,0.27,0,0.015,0.1,9.8,0.005,88.6,0.002,0.002,0.002,0.12,19,0.016,0.08,5,8,76,6,0.05,1,0,0.018,31.5,0.01,0
Fruit juice/flavored drink/juice drink,"Apple juice, 100%",64104010,0,0,0,11.3,0,1.8,0.2,16,0,0.073,0.1,0,0.017,0.1,9.62,0.021,88.24,0.006,0.039,0.022,0.13,8,0.012,0.12,5,7,101,4,0.02,0,0,0.018,10.3,0.01,0
Fruit juice/flavored drink/juice drink,"Apple-sweet potato juice, baby food",67230000,0,1849,0,11.4,0,4.9,0.5,6,0,0.1,0.3,0,0.03,0.1,9.6,0.01,87.9,0.01,0.05,0.03,0.1,15,0.032,0.3,7,14,137,5,0.08,154,0,0.07,34.1,0.34,0.7
Fruit juice/flavored drink/juice drink,"Apple-peach juice, baby food",67203600,0,31,13,10.5,0,2.5,0.1,29,0,0.213,0.2,0,0.011,0.3,9.59,0.008,89,0.002,0.031,0.018,0.1,3,0.037,0.56,3,4,97,0,0.03,3,0,0.022,58.5,0.15,0.5
Fruit juice/flavored drink/juice drink,"Grapefruit juice,100%, frozen, reconstituted",61201620,2,4,1,9.66,0,6.9,0.1,10,0,0.216,0.55,0,0.022,0.1,9.55,0.041,89.3,0.018,0.032,0.018,0.13,10,0.04,0.14,11,14,135,4,0.06,1,0,0.043,33.5,0.04,0
Fruit juice/flavored drink/juice drink,"Apple juice, 100%, with calcium added",64104030,0,0,0,11.49,0,1.8,0.3,16,0,0.067,0.12,0,0.015,0.1,9.47,0.004,87.92,0.008,0.051,0.029,0.17,70,0.01,0.13,5,9,184,5,0.04,0,0,0.018,30.3,0.01,0
Fruit juice/flavored drink/juice drink,"Fruit punch, made with fruit juice and soda",92510720,0,2,0,10.82,0,1.6,0.1,0,0,0.1,0.18,0,0.01,0.1,9.44,0.029,88.8,0.007,0.021,0.004,0.06,8,0.044,0.24,6,4,66,4,0.08,0,0,0.05,5,0.01,0.2
Fruit juice/flavored drink/juice drink,"Grapefruit juice, 100%, freshly squeezed",61201010,2,4,1,9.2,0,7.7,0.1,10,0,0.2,0.5,0,0.02,0.1,9.1,0.04,90,0.013,0.024,0.014,0.1,9,0.033,0.2,12,15,162,1,0.05,1,0,0.044,38,0.22,0
Fruit juice/flavored drink/juice drink,"Apple juice, with added calcium, baby food",67202010,0,0,0,11.1,0,1.8,0.4,0,0,0.08,0.06,0,0.02,0.1,9,0.02,88.3,0.005,0.032,0.018,0.1,127,0.01,0.2,6,8,92,3,0.03,0,0,0.03,21.2,0,0
Fruit juice/flavored drink/juice drink,"Fruit juice drink, light",92550035,0,0,0,10,0,0.5,0,0,0,0.015,0,0,0,0.2,9,0,87.58,0.012,0.014,0.008,0.07,5,0,0.04,2,1,11,2,0.02,0,0,0,0,0.68,0
Fruit juice/flavored drink/juice drink,"Orange juice, 100%, with calcium added, frozen, reconstituted",61210820,5,15,55,9.67,0,5.7,0.3,95,0,0.312,0.68,0,0.05,0.1,8.48,0.079,88.67,0.014,0.018,0.017,0.07,167,0.024,0.09,11,89,180,5,0.05,4,0,0.074,41.4,0.17,0.1
Fruit juice/flavored drink/juice drink,"Orange juice, 100%, frozen, reconstituted",61210620,5,15,55,10.04,0,5.7,0.3,95,0,0.312,0.68,0,0.05,0.1,8.47,0.078,88.67,0.014,0.018,0.017,0.07,13,0.024,0.09,11,17,180,5,0.05,4,0,0.074,41.3,0.17,0.1
Fruit juice/flavored drink/juice drink,"Mixed fruit juice, not citrus, baby food",67204000,11,19,1,11.7,0,3.5,0.1,21,0,0.123,0.1,0,0.014,0.5,8.46,0.023,87.9,0.006,0.039,0.015,0.1,8,0.04,0.34,5,5,101,8,0.03,2,0,0.043,63.6,0.04,0.9
Fruit juice/flavored drink/juice drink,"Orange juice, 100%,  freshly squeezed",61210010,6,33,169,10.4,0,6.2,0.2,115,0,0.4,0.7,0,0.03,0.1,8.4,0.09,88.3,0.036,0.04,0.024,0.2,11,0.044,0.2,11,17,200,1,0.05,10,0,0.04,50,0.04,0.1
Fruit juice/flavored drink/juice drink,"Orange-carrot juice, baby food",67230500,395,863,135,9.9,0,6.5,0.4,135,0,0.21,0.5,0,0.05,0.1,8.4,0.06,89.1,0.01,0.03,0.01,0.1,16,0.044,0.2,10,19,174,10,0.07,94,0,0.05,34.1,0.29,1.5
Fruit juice/flavored drink/juice drink,"Fruit juice blend, citrus, 100% juice, with calcium added",61213900,8,8,27,11.27,0,6.2,0.3,27,0,0.28,0.68,0,0.039,0.1,8.31,0.046,87.22,0.022,0.03,0.014,0.12,140,0.042,0.13,11,47,178,2,0.07,2,0,0.076,33.6,0.2,0
Fruit juice/flavored drink/juice drink,"Orange juice, 100%, NFS",61210000,8,8,27,11.45,0,6.2,0.3,27,0,0.28,0.68,0,0.039,0.1,8.31,0.046,87.22,0.022,0.03,0.014,0.12,56,0.042,0.13,11,28,178,2,0.07,2,0,0.076,33.6,0.2,0
Fruit juice/flavored drink/juice drink,"Orange juice, 100%, canned, bottled or in a carton",61210220,8,8,27,11.54,0,6.2,0.3,27,0,0.28,0.68,0,0.039,0.1,8.31,0.046,87.22,0.022,0.03,0.014,0.12,11,0.042,0.13,11,17,178,2,0.07,2,0,0.076,33.6,0.2,0
Fruit juice/flavored drink/juice drink,"Orange juice, 100%, with calcium added, canned, bottled or in a carton",61210250,8,8,27,11.27,0,6.2,0.3,27,0,0.28,0.68,0,0.039,0.1,8.31,0.046,87.22,0.022,0.03,0.014,0.12,140,0.042,0.13,11,47,178,2,0.07,2,0,0.076,33.6,0.2,0
Fruit juice/flavored drink/juice drink,"Orange juice, baby food",67205000,2,9,47,10.2,0,6.2,0.1,113,0,0.239,0.6,0,0.028,0.1,8.26,0.045,88.5,0.05,0.06,0.035,0.3,12,0.046,0.17,9,11,184,0,0.06,3,0,0.054,62.5,0.04,0.1
Fruit juice/flavored drink/juice drink,"Fruit juice beverage, 40-50% juice, citrus",92511250,2,8,28,11.4,0,0.5,0.1,26,0,0.075,0.34,0,0.01,0.1,8.12,0.014,87.84,0.002,0.004,0.002,0.03,9,0.035,1.12,6,10,111,4,0.04,2,0,0.019,27,0.06,0.1
Fruit juice/flavored drink/juice drink,"Fruit juice drink, noncitrus, carbonated",92433000,0,7,0,8.35,0,1.9,0.1,36,0,0.071,0.23,0,0.01,0,8.1,0.009,91.19,0.006,0.023,0.012,0.08,8,0.021,0.15,6,8,58,11,0.09,0,0,0.023,11.9,0.24,1.2
Fruit juice/flavored drink/juice drink,"Fruit juice drink, added calcium (Sunny D)",92582110,0,219,62,13.2,0,0.5,0.1,8,0,0.09,0,0,0.01,0,8.02,0.12,85.4,0,0,0,0,100,0.027,0.05,5,7,83,54,0.05,21,0,0.02,24,0.04,0
Fruit juice/flavored drink/juice drink,"Grapefruit juice, 100%, with calcium added",61201225,3,188,5,7.74,0,6.4,0.3,14,297,0.2,0.51,0,0.03,0,7.96,0.038,90.77,0.16,0.296,0.173,0.68,146,0.026,0.06,9,16,132,2,0.04,16,0,0.044,22.2,0.2,0
Fruit juice/flavored drink/juice drink,"Grapefruit juice, 100%, NS as to form",61201020,2,20,1,7.59,1,7.7,0.2,10,0,0.253,0.55,0,0.02,0.1,7.72,0.062,90.9,0.093,0.175,0.082,0.7,16,0.032,0.07,10,17,141,1,0.04,2,0,0,39.4,0.22,0
Fruit juice/flavored drink/juice drink,"Grapefruit juice, 100%, canned, bottled or in a carton",61201220,2,20,1,7.59,1,7.7,0.2,10,0,0.253,0.55,0,0.02,0.1,7.72,0.062,90.9,0.093,0.175,0.082,0.7,16,0.032,0.07,10,17,141,1,0.04,2,0,0,39.4,0.22,0
Fruit juice/flavored drink/juice drink,"Blackberry juice, 100%",64104600,0,74,0,7.8,0,6.6,0.1,68,0,0.446,0.3,0,0.018,0.3,7.7,0.012,90.9,0.058,0.344,0.018,0.6,12,0.114,0.48,21,12,135,1,0.41,6,0,0.021,11.3,0.9,15.2
Fruit juice/flavored drink/juice drink,"Strawberry juice, 100%",64132500,0,74,0,7.8,0,6.6,0.1,68,0,0.446,0.3,0,0.018,0.3,7.7,0.012,90.9,0.058,0.344,0.018,0.6,12,0.114,0.48,21,12,135,1,0.41,6,0,0.021,11.3,0.9,15.2
Fruit juice/flavored drink/juice drink,Iced Tea / Lemonade juice drink,92307500,0,0,18,9.15,0,2.5,0.3,5,0,0.08,0.2,0,0.016,0.1,7.2,0.009,90.5,0.003,0.009,0.013,0.05,4,0.013,0.04,5,4,67,12,0.1,1,0,0.016,6.3,0.1,0
Fruit juice/flavored drink/juice drink,"Lemonade, fruit flavored drink",92510960,0,0,0,6.55,0,0,0,0,0,0,0,0,0.001,0,6.5,0,93.25,0.009,0.036,0.012,0.07,4,0.011,0.01,12,7,3,12,0.01,0,0,0,2.7,0,0.1
Fruit juice/flavored drink/juice drink,Blueberry juice,64104610,0,21,0,9.42,0,3.9,1.6,52,0,0.272,0.48,0,0.027,0.1,6.47,0.024,89.7,0.031,0.095,0.018,0.21,5,0.04,0.18,4,8,50,2,0.1,2,0,0.034,6.3,0.37,12.5
Fruit juice/flavored drink/juice drink,"Watermelon juice, 100%",64133100,0,303,78,7.55,0,4.1,0.4,8,4532,0.178,0.61,0,0.021,0.4,6.2,0.033,91.45,0.037,0.05,0.016,0.15,7,0.042,0.24,10,11,112,1,0.1,28,0,0.045,8.1,0.05,0.1
Fruit juice/flavored drink/juice drink,"Fruit juice and water drink, with high vitamin C and added calcium, baby food",67260000,0,2,0,7.35,0,1.4,0,34,0,0.06,0,0,0.013,0.1,6.12,0.007,92.5,0.002,0.015,0,0,71,0.014,0,3,3,22,11,0.71,0,0,0.022,35.3,0,0.2
Fruit juice/flavored drink/juice drink,"Fruit juice drink, citrus, carbonated",92432000,3,18,55,6.88,0,5.1,0.2,46,0,0.168,0.46,0,0.015,0.1,6.1,0.037,92.06,0.044,0.077,0.037,0.31,11,0.022,0.07,8,13,121,7,0.06,4,0,0.011,25.7,0.16,0
Fruit juice/flavored drink/juice drink,"Fruit flavored drink, with high vitamin C",92530410,0,0,0,6.67,0,0,0,0,0,0,0,0,0,0,5,0,93.2,0,0,0,0,3,0.009,0,1,0,31,36,0,0,0,0,25,0,0
Fruit juice/flavored drink/juice drink,"Lemonade, fruit juice drink, light",92550370,0,0,0,5,0,0.5,0,0,0,0.009,0,0,0.003,0.1,5,0.002,94.98,0,0,0,0,2,0.016,0,2,1,10,5,0.01,0,0,0.004,25,0.56,0
Fruit juice/flavored drink/juice drink,"Grape juice drink, light",92550200,0,2,0,5.17,0,1.1,0.1,20,0,0.047,0.13,0,0.005,0,4.97,0.006,94.51,0.001,0.008,0.009,0.05,6,0.013,0.09,4,5,36,4,0.03,0,0,0.011,8.8,0,0.1
Fruit juice/flavored drink/juice drink,"Apple juice beverage, 40-50% juice, light",92550360,0,0,0,5.1,0,1.8,0,16,0,0.067,0,0,0.015,0.1,4.8,0.004,94.84,0,0,0,0.1,3,0.01,0.2,5,9,51,13,0.04,0,0,0.018,24,0.01,0
Fruit juice/flavored drink/juice drink,"Cranberry juice drink, with high vitamin C, light",92550110,0,6,0,4.7,0,0.4,0.1,19,0,0.028,0.1,0,0.007,0.1,4.6,0.003,95.2,0,0,0,0,10,0.007,0.06,3,1,45,5,0.02,0,0,0.019,32,0.27,1.1
Fruit juice/flavored drink/juice drink,"Fruit juice drink, with high vitamin C, light",92550030,0,6,0,4.7,0,0.4,0.1,19,0,0.028,0.1,0,0.007,0.1,4.6,0.003,95.2,0,0,0,0,10,0.007,0.06,3,1,45,5,0.02,0,0,0.019,32,0.27,1.1
Fruit juice/flavored drink/juice drink,"Orange juice beverage, 40-50% juice, light",92550350,2,79,60,5.42,0,0,0,47,0,0.333,0.21,0,0.028,0,4.17,0.063,94.19,0,0,0,0,0,0.018,0,10,4,188,4,0.02,10,0,0.05,30,1.25,0
Fruit juice/flavored drink/juice drink,"Iced Tea / Lemonade juice drink, light",92307510,0,0,20,6.12,0,2.7,0.3,5,0,0.089,0.22,0,0.015,0.1,3.86,0.01,93.5,0.003,0.01,0.014,0.04,5,0.014,0.04,5,5,72,13,0.1,1,0,0.018,7.1,0.11,0
Fruit juice/flavored drink/juice drink,"Lemon juice, 100%, NS as to form",61204000,0,1,4,6.9,0,5.1,0.3,15,0,0.091,0.35,0,0.015,0.1,2.52,0.024,92.31,0.006,0.021,0.04,0.24,6,0.016,0.08,6,8,103,1,0.05,0,0,0.046,38.7,0.15,0
Fruit juice/flavored drink/juice drink,"Lemon juice, 100%, freshly squeezed",61204010,0,1,4,6.9,0,5.1,0.3,15,0,0.091,0.35,0,0.015,0.1,2.52,0.024,92.31,0.006,0.021,0.04,0.24,6,0.016,0.08,6,8,103,1,0.05,0,0,0.046,38.7,0.15,0
Fruit juice/flavored drink/juice drink,Fruit juice drink,92510610,0,0,0,2.5,0,0,0,0,0,0,0,0,0,0,2.5,0,97.49,0,0,0,0,0,0,0,0,0,0,13,0,0,0,0,0,0,0
Fruit juice/flavored drink/juice drink,"Lime juice, 100%, NS as to form",61207000,0,30,0,8.42,0,5.1,0.4,0,0,0.142,0.42,0,0.015,0.1,1.69,0.025,90.79,0.008,0.023,0.008,0.07,14,0.027,0.09,8,14,117,2,0.08,2,0,0.038,30,0.22,0.6
Fruit juice/flavored drink/juice drink,"Lime juice, 100%, freshly squeezed",61207010,0,30,0,8.42,0,5.1,0.4,0,0,0.142,0.42,0,0.015,0.1,1.69,0.025,90.79,0.008,0.023,0.008,0.07,14,0.027,0.09,8,14,117,2,0.08,2,0,0.038,30,0.22,0.6
Fruit juice/flavored drink/juice drink,"Lemon juice, 100%, canned or bottled",61204200,0,0,40,5.62,0,5.1,0.7,11,0,0.18,0.45,0,0.017,0.1,1.53,0.021,93.64,0.006,0.017,0.027,0.07,10,0.018,0.06,7,9,109,24,0.19,2,0,0.037,14.3,0.23,0.1
Fruit juice/flavored drink/juice drink,"Lime juice, 100%, canned or bottled",61207200,0,10,0,6.69,0,5.1,0.4,0,0,0.163,0.25,0,0.003,0.1,1.37,0.033,92.52,0.022,0.064,0.026,0.23,12,0.03,0.23,7,10,75,16,0.06,1,0,0.027,6.4,0.12,0.5
Fruit juice/flavored drink/juice drink,"Fruit flavored drink, with high vitamin C, diet",92550610,0,0,0,0.87,0,0,0,0,0,0,0,0,0,0,0,0,98.92,0,0,0,0,13,0.01,0,1,12,5,8,0.01,0,0,0,5.6,0,0
Fruit juice/flavored drink/juice drink,"Fruit flavored drink, diet",92550620,0,0,0,1.45,0,0,0,0,0,0,0.01,0,0,0,0,0,98.27,0,0,0,0,20,0.01,0,1,21,8,11,0.01,0,0,0,9.3,0,0
Fruit juice/flavored drink/juice drink,"Fruit juice drink, diet",92550040,0,0,0,0.47,0,0,0,0,0,0,0,0,0,0,0,0,99.37,0,0,0,0,9,0.009,0,1,7,4,5,0,0,0,0,3,0,0
Fruit juice/flavored drink/juice drink,"Fruit juice drink, reduced sugar (Sunny D)",92552020,0,0,0,0.95,0,0,0,0,0,0.836,0,63,0.071,0,0,0,98.87,0,0,0,0,11,0.01,0,4,5,26,4,0.01,63,0,0.084,25.1,0,0
Fruit juice/flavored drink/juice drink,"Iced Tea / Lemonade juice drink, diet",92307520,0,0,0,0.57,0,0,0,0,0,0,0,0,0,0,0,0,99.32,0,0,0,0,6,0.007,0,1,5,21,4,0.01,0,0,0,2.3,0,0
Hot chocolate / Cocoa,"Hot chocolate / Cocoa, ready to drink, made with nonfat milk",11512020,0,2,0,16.52,2,14.2,0,1,0,0.128,2.79,52,0.112,1.9,15.31,0.044,79.81,0.014,0.005,0.04,0.06,107,0.059,0,18,98,159,61,0.47,52,0.45,0.046,0,0,0
Hot chocolate / Cocoa,"Hot chocolate / Cocoa, ready to drink",11512010,0,2,0,16.54,7,14.2,0,1,0,0.123,2.72,68,0.117,1.7,15.18,0.047,78.43,0.325,0.047,0.903,1.54,102,0.058,0,17,95,152,60,0.45,68,0.42,0.049,0.2,0.03,0.2
Hot chocolate / Cocoa,"Hot chocolate / Cocoa, ready to drink, made with nonfat milk and whipped cream",11512110,0,5,0,15.87,8,14.4,0,1,0,0.125,2.79,69,0.116,2,14.72,0.043,78.76,0.445,0.079,1.13,1.77,105,0.057,0,17,96,156,60,0.46,69,0.43,0.046,0,0.04,0.2
Hot chocolate / Cocoa,"Hot chocolate / Cocoa, ready to drink, made with non-dairy milk",11512030,0,1,0,16.68,0,11,0.2,1,0,0.232,1.21,58,0.085,1.3,14.62,0.013,80.39,0.386,0.442,0.115,0.98,122,0.132,0.28,16,32,99,75,0.23,58,0.35,0.014,0,1.14,1.3
Hot chocolate / Cocoa,"Hot chocolate / Cocoa, ready to drink, with whipped cream",11512100,0,6,0,15.89,12,14.4,0,1,0,0.121,2.73,84,0.121,1.8,14.6,0.045,77.44,0.742,0.119,1.952,3.18,101,0.056,0,17,93,149,58,0.44,84,0.41,0.048,0.2,0.07,0.3
Hot chocolate / Cocoa,"Hot chocolate / Cocoa, ready to drink, made with non-dairy milk and whipped cream",11512120,0,4,0,16.02,5,11.3,0.2,1,0,0.224,1.29,74,0.09,1.3,14.07,0.013,79.32,0.799,0.496,1.202,2.64,119,0.127,0.27,15,33,98,73,0.23,74,0.34,0.015,0,1.13,1.3
Hot chocolate / Cocoa,"Hot chocolate / Cocoa, made with dry mix and fat free milk",11514140,0,2,0,15.35,3,19.4,0.5,1,0,0.18,3.86,56,0.189,2.4,13.08,0.059,78.95,0.191,0.02,0.358,0.6,132,0.04,0.16,22,135,239,102,0.58,56,0.52,0.063,0,0.02,0.1
Hot chocolate / Cocoa,"Hot chocolate / Cocoa, made with dry mix and low fat milk",11514130,0,1,0,15.61,4,18.7,0.5,1,0,0.176,3.82,50,0.196,2.5,13,0.06,78,0.358,0.043,0.808,1.36,127,0.039,0.16,21,131,232,101,0.57,50,0.55,0.065,0,0.04,0.2
Hot chocolate / Cocoa,"Hot chocolate / Cocoa, made with dry mix and reduced fat milk",11514120,0,3,0,15.37,7,19.4,0.5,1,0,0.175,3.79,72,0.194,2.2,12.94,0.061,77.47,0.523,0.065,1.278,2.18,127,0.039,0.16,21,131,232,101,0.57,72,0.5,0.065,0.2,0.05,0.3
Hot chocolate / Cocoa,"Hot chocolate / Cocoa, made with dry mix and whole milk",11514110,0,6,0,15.16,10,19.1,0.5,1,0,0.169,3.73,27,0.195,2.3,12.87,0.059,76.61,0.773,0.109,1.929,3.31,124,0.039,0.16,21,129,225,100,0.55,28,0.49,0.065,0,0.07,0.4
Hot chocolate / Cocoa,"Hot chocolate / Cocoa, made with dry mix and non-dairy milk",11514150,0,1,0,15.47,0,15.9,0.7,1,0,0.291,2.18,61,0.159,1.7,12.31,0.025,79.63,0.586,0.487,0.436,1.57,148,0.118,0.46,20,64,175,117,0.33,61,0.42,0.029,0,1.24,1.4
Hot chocolate / Cocoa,"Hot chocolate / Cocoa, made with dry mix and water",11514100,0,0,0,11.4,0,4.5,0.5,1,0,0.08,0.91,0,0.077,0.7,8.93,0.013,86.5,0.18,0.016,0.324,0.55,21,0.048,0.16,12,43,97,72,0.21,0,0.05,0.016,0,0.03,0.1
Hot chocolate / Cocoa,"Hot chocolate / Cocoa, made with no sugar added dry mix and fat free milk",11514350,0,2,0,10.28,3,25.2,0.6,1,0,0.196,4.4,59,0.233,3.2,7.67,0.07,83.77,0.094,0.013,0.188,0.32,168,0.061,0.4,28,170,371,108,0.69,59,0.6,0.076,0,0,0.1
Hot chocolate / Cocoa,"Hot chocolate / Cocoa, made with no sugar added dry mix and low fat milk",11514340,0,1,0,10.56,5,24.5,0.6,1,0,0.191,4.35,54,0.241,3.3,7.59,0.071,82.76,0.272,0.037,0.665,1.12,162,0.06,0.4,28,167,363,106,0.67,54,0.63,0.078,0,0.02,0.1
Hot chocolate / Cocoa,"Hot chocolate / Cocoa, made with no sugar added dry mix and reduced fat milk",11514330,0,3,0,10.3,7,25.2,0.6,1,0,0.19,4.33,77,0.239,3,7.52,0.073,82.21,0.447,0.06,1.164,1.99,162,0.06,0.4,28,167,363,106,0.67,77,0.57,0.079,0.2,0.03,0.2
Hot chocolate / Cocoa,"Hot chocolate / Cocoa, made with no sugar added dry mix and whole milk",11514320,0,7,0,10.08,11,24.8,0.6,1,0,0.184,4.26,29,0.239,3.1,7.45,0.07,81.29,0.711,0.106,1.853,3.18,159,0.06,0.4,28,165,355,105,0.65,30,0.57,0.079,0,0.05,0.3
Hot chocolate / Cocoa,"Hot chocolate / Cocoa, made with no sugar added dry mix and non-dairy milk",11514360,0,1,0,10.43,0,21.4,0.8,1,0,0.313,2.61,65,0.201,2.5,6.88,0.035,84.47,0.514,0.508,0.272,1.35,184,0.143,0.72,26,95,302,124,0.42,65,0.48,0.04,0,1.3,1.4
Hot chocolate / Cocoa,"Hot chocolate / Cocoa, made with no sugar added dry mix and water",11514310,0,0,0,5.94,0,9.5,0.6,1,0,0.09,1.28,0,0.116,1.4,3.11,0.022,91.92,0.081,0.007,0.147,0.25,50,0.069,0.41,18,74,224,75,0.28,0,0.1,0.026,0,0,0.1
Milk/Plant milk,Oatmeal beverage with milk,92611100,0,3,0,15.49,5,8.3,0.2,4,0,0.07,1.74,13,0.066,1.6,13.97,0.032,80.76,0.347,0.102,0.835,1.59,56,0.014,0.1,9,53,74,18,0.27,14,0.22,0.027,0,0.03,0.2
Milk/Plant milk,"Milk shake, fast food, flavors other than chocolate",11542200,0,0,0,19.59,23,27.3,0.9,0,0,0.213,3.37,91,0.66,3.2,13.63,0.026,69.65,1.785,0.316,3.962,6.52,115,0.103,0.46,13,98,166,81,0.57,91,0.22,0.06,0,0.25,0.4
Milk/Plant milk,"Milk shake, bottled, flavors other than chocolate",11543010,0,0,0,19.59,23,27.3,0.9,0,0,0.213,3.37,91,0.66,3.2,13.63,0.026,69.65,1.785,0.316,3.962,6.52,115,0.103,0.46,13,98,166,81,0.57,91,0.22,0.06,0,0.25,0.4
Milk/Plant milk,"Milk shake, fast food, chocolate",11542100,0,0,0,20.36,23,27,1.6,1,0,0.252,3.7,89,0.652,3.4,13.39,0.027,68.32,1.841,0.318,4.044,6.66,115,0.177,0.73,23,111,193,80,0.7,89,0.22,0.061,0,0.25,0.4
Milk/Plant milk,"Milk shake, bottled, chocolate",11543000,0,0,0,20.36,23,27,1.6,1,0,0.252,3.7,89,0.652,3.4,13.39,0.027,68.32,1.841,0.318,4.044,6.66,115,0.177,0.73,23,111,193,80,0.7,89,0.22,0.061,0,0.25,0.4
Milk/Plant milk,"Milk shake, home recipe, chocolate",11541110,0,12,0,13.55,20,19.6,0.5,0,0,0.151,3.48,63,0.159,2.1,12.57,0.051,75.87,1.64,0.222,3.725,6.14,118,0.052,0.35,18,103,187,52,0.47,64,0.45,0.059,0.3,0.14,0.3
Milk/Plant milk,"Milk shake, home recipe, chocolate, light",11541130,0,52,0,12.93,14,18.2,0.3,0,0,0.118,3.99,59,0.136,2.1,12.42,0.044,79.03,0.907,0.111,2.007,3.31,138,0.04,0.26,15,95,163,51,0.43,63,0.43,0.046,0.5,0.09,0.3
Milk/Plant milk,"Chocolate milk, made from syrup with fat free milk",11513700,0,2,0,13.19,3,15.9,0,0,0,0.125,2.97,55,0.118,1.9,12.37,0.049,82.96,0.015,0.005,0.042,0.07,114,0.043,0,16,100,161,56,0.46,55,0.5,0.051,0,0,0
Milk/Plant milk,"Chocolate milk, made from syrup with low fat milk",11513600,0,1,0,13.45,4,15.2,0,0,0,0.121,2.93,50,0.125,2,12.29,0.05,82,0.182,0.028,0.492,0.82,109,0.042,0,16,97,154,54,0.45,50,0.53,0.053,0,0.02,0.1
Milk/Plant milk,"Chocolate milk, made from syrup, NS as to type of milk",11513400,0,3,0,13.18,7,15.7,0,0,0,0.118,2.89,51,0.123,1.9,12.23,0.05,81.43,0.369,0.056,1.009,1.73,109,0.042,0,16,97,152,54,0.44,51,0.48,0.053,0.1,0.03,0.2
Milk/Plant milk,"Chocolate milk, made from syrup with reduced fat milk",11513550,0,3,0,13.21,7,15.9,0,0,0,0.12,2.9,72,0.123,1.8,12.23,0.052,81.48,0.347,0.05,0.962,1.65,109,0.042,0,16,97,154,54,0.45,72,0.48,0.054,0.2,0.03,0.2
Milk/Plant milk,"Chocolate milk, made from syrup with whole milk",11513500,0,6,0,13,10,15.5,0,0,0,0.114,2.84,27,0.124,1.8,12.16,0.049,80.62,0.596,0.094,1.612,2.77,107,0.042,0,16,95,146,53,0.43,28,0.47,0.054,0,0.04,0.3
Milk/Plant milk,Milk shake with malt,11541400,0,11,0,13.66,23,22.1,0.2,0,0,0.302,3.77,61,0.202,2.4,12.04,0.068,75.57,1.525,0.276,3.659,6.11,131,0.016,0.06,16,112,190,66,0.53,63,0.5,0.07,0.3,0.15,0.5
Milk/Plant milk,"Strawberry milk, fat free",11519205,0,2,0,12.03,3,16.8,0,0,0,0.115,3.18,59,0.129,1.9,11.9,0.052,83.95,0.016,0.006,0.045,0.09,122,0.002,0.03,12,99,155,41,0.42,59,0.54,0.054,0,0,0
Milk/Plant milk,"Strawberry milk, low fat",11519200,0,1,0,12.3,5,16.1,0,0,0,0.11,3.13,54,0.138,2,11.82,0.053,82.94,0.194,0.03,0.525,0.89,117,0.001,0.03,11,96,147,39,0.4,54,0.56,0.056,0,0.02,0.1
Milk/Plant milk,"Strawberry milk, whole",11519050,0,6,0,11.82,11,16.5,0,0,0,0.103,3.04,29,0.136,1.8,11.68,0.052,81.46,0.636,0.1,1.719,2.97,114,0.001,0.03,11,94,139,38,0.38,30,0.5,0.057,0,0.05,0.3
Milk/Plant milk,"Chocolate milk, made from syrup with non-dairy milk",11513750,0,1,0,13.36,0,11.6,0.2,0,0,0.236,1.29,61,0.088,1.2,11.64,0.013,83.58,0.411,0.472,0.122,1.04,130,0.121,0.3,14,30,97,70,0.21,61,0.37,0.015,0,1.22,1.3
Milk/Plant milk,"Milk, evaporated, fat free (skim)",11212050,0,0,0,11.35,4,25.2,0,0,0,0.174,7.55,118,0.309,2.5,11.35,0.045,79.4,0.062,0.006,0.121,0.2,290,0.016,0.29,27,195,332,115,0.9,118,0.24,0.055,1.2,0,0
Milk/Plant milk,"Milk, evaporated, reduced fat (2%)",11211400,0,3,0,11.15,8,25.1,0,0,0,0.171,7.42,130,0.304,2.5,11.15,0.044,78,0.569,0.071,1.214,1.96,285,0.016,0.28,27,192,326,113,0.88,131,0.24,0.054,1.2,0.05,0.2
Milk/Plant milk,"Strawberry milk, non-dairy",11519215,0,1,0,12.2,0,12.3,0.2,0,0,0.233,1.39,65,0.098,1.2,11.12,0.014,84.62,0.438,0.503,0.13,1.13,139,0.085,0.35,10,24,87,57,0.15,65,0.39,0.014,0,1.3,1.4
Milk/Plant milk,"Milk shake, home recipe, flavors other than chocolate, light",11541135,0,6,0,13.84,13,20.5,0.1,0,0,0.121,3.88,83,0.181,2.1,11.07,0.056,79.07,0.591,0.099,1.408,2.33,138,0.007,0.07,13,103,176,51,0.54,83,0.56,0.055,0.4,0.06,0.2
Milk/Plant milk,"Milk shake, home recipe, flavors other than chocolate",11541120,0,11,0,11.41,23,20.7,0.2,0,0,0.109,3.36,61,0.174,1.9,10.66,0.051,78.45,1.5,0.231,3.616,5.98,125,0.009,0.03,13,102,167,53,0.51,63,0.49,0.056,0.2,0.14,0.3
Milk/Plant milk,"Strawberry milk, reduced fat",11519105,0,3,0,10.71,8,17.1,0,0,0,0.11,3.15,78,0.135,1.7,10.46,0.056,83.64,0.375,0.054,1.042,1.8,118,0.001,0.03,11,97,150,39,0.4,78,0.52,0.057,0.2,0.03,0.2
Milk/Plant milk,"Milk, evaporated, NS as to fat content",11210050,0,12,0,10.04,29,31.8,0,0,0,0.194,6.81,64,0.316,2.3,10.04,0.047,74.04,2.335,0.245,4.591,7.56,261,0.016,0.19,24,203,303,106,0.77,65,0.16,0.05,1.9,0.14,0.5
Milk/Plant milk,"Milk, evaporated, whole",11211050,0,12,0,10.04,29,31.8,0,0,0,0.194,6.81,64,0.316,2.3,10.04,0.047,74.04,2.335,0.245,4.591,7.56,261,0.016,0.19,24,203,303,106,0.77,65,0.16,0.05,1.9,0.14,0.5
Milk/Plant milk,"Chocolate milk, ready to drink, low fat",11511400,0,2,0,10.15,5,17,0.1,0,0,0.124,3.46,51,0.247,1.9,9.94,0.031,84.5,0.3,0.049,0.616,1.11,129,0.028,0.23,13,96,172,65,0.43,52,0.23,0.047,0.4,0,0.1
Milk/Plant milk,"Chocolate milk, ready to drink, low fat (Nesquik)",11511600,0,2,0,10.15,5,17,0.1,0,0,0.124,3.46,51,0.247,1.9,9.94,0.031,84.5,0.3,0.049,0.616,1.11,129,0.028,0.23,13,96,172,65,0.43,52,0.23,0.047,0.4,0,0.1
Milk/Plant milk,"Chocolate milk, ready to drink, low fat, no sugar added (Nesquik)",11511700,0,2,0,10.15,5,17,0.1,0,0,0.124,3.46,51,0.247,1.9,9.94,0.031,84.5,0.3,0.049,0.616,1.11,129,0.028,0.23,13,96,172,65,0.43,52,0.23,0.047,0.4,0,0.1
Milk/Plant milk,"Chocolate milk, made from dry mix with fat free milk",11513300,0,2,0,10.14,3,17.3,0.3,0,0,0.123,3.5,60,0.126,2,9.77,0.053,85.28,0.016,0.006,0.186,0.22,152,0.058,0,15,106,174,47,0.84,60,0.54,0.11,1.7,0,0.1
Milk/Plant milk,"Chocolate milk, made from dry mix with fat free milk (Nesquik)",11513384,0,2,0,10.14,3,17.3,0.3,0,0,0.123,3.5,60,0.126,2,9.77,0.053,85.28,0.016,0.006,0.186,0.22,152,0.058,0,15,106,174,47,0.84,60,0.54,0.11,1.7,0,0.1
Milk/Plant milk,"Chocolate milk, made from dry mix with low fat milk",11513200,0,1,0,10.43,5,16.5,0.3,0,0,0.118,3.45,54,0.135,2.1,9.69,0.054,84.25,0.197,0.03,0.673,1.03,146,0.057,0,15,102,166,45,0.82,54,0.57,0.112,1.7,0.02,0.1
Milk/Plant milk,"Chocolate milk, made from dry mix with low fat milk (Nesquik)",11513383,0,1,0,10.43,5,16.5,0.3,0,0,0.118,3.45,54,0.135,2.1,9.69,0.054,84.25,0.197,0.03,0.673,1.03,146,0.057,0,15,102,166,45,0.82,54,0.57,0.112,1.7,0.02,0.1
Milk/Plant milk,"Chocolate milk, made from dry mix, NS as to type of milk",11513000,0,4,0,10.13,8,17,0.3,0,0,0.115,3.41,55,0.132,1.9,9.63,0.054,83.63,0.4,0.061,1.232,2.01,146,0.057,0,15,102,164,45,0.82,55,0.53,0.112,1.7,0.03,0.2
Milk/Plant milk,"Chocolate milk, made from dry mix, NS as to type of milk (Nesquik)",11513380,0,4,0,10.13,8,17,0.3,0,0,0.115,3.41,55,0.132,1.9,9.63,0.054,83.63,0.4,0.061,1.232,2.01,146,0.057,0,15,102,164,45,0.82,55,0.53,0.112,1.7,0.03,0.2
Milk/Plant milk,"Chocolate milk, made from dry mix with reduced fat milk",11513150,0,3,0,10.16,8,17.3,0.3,0,0,0.117,3.42,78,0.132,1.8,9.62,0.056,83.68,0.375,0.054,1.182,1.92,146,0.057,0,15,102,166,45,0.82,78,0.52,0.113,1.9,0.03,0.2
Milk/Plant milk,"Chocolate milk, made from dry mix with reduced fat milk (Nesquik)",11513382,0,3,0,10.16,8,17.3,0.3,0,0,0.117,3.42,78,0.132,1.8,9.62,0.056,83.68,0.375,0.054,1.182,1.92,146,0.057,0,15,102,166,45,0.82,78,0.52,0.113,1.9,0.03,0.2
Milk/Plant milk,"Chocolate milk, ready to drink, reduced fat",11511200,0,11,0,12.13,8,17.1,0.7,0,0,0.164,2.99,63,0.183,3.4,9.55,0.045,82.17,0.455,0.089,1.177,1.9,109,0.075,0.24,14,102,169,66,0.39,64,0.33,0.024,0,0.04,0.2
Milk/Plant milk,"Chocolate milk, made from dry mix with whole milk",11513100,0,7,0,9.94,11,16.9,0.3,0,0,0.111,3.36,29,0.133,1.9,9.55,0.053,82.75,0.646,0.101,1.885,3.14,143,0.057,0,14,100,158,44,0.8,30,0.51,0.113,1.7,0.05,0.3
Milk/Plant milk,"Chocolate milk, made from dry mix with whole milk (Nesquik)",11513381,0,7,0,9.94,11,16.9,0.3,0,0,0.111,3.36,29,0.133,1.9,9.55,0.053,82.75,0.646,0.101,1.885,3.14,143,0.057,0,14,100,158,44,0.8,30,0.51,0.113,1.7,0.05,0.3
Milk/Plant milk,"Chocolate milk, ready to drink, whole",11511100,0,7,0,10.34,12,17,0.8,0,0,0.125,3.17,26,0.162,1.9,9.54,0.037,82.3,0.99,0.124,2.104,3.39,112,0.065,0.24,13,101,167,60,0.41,27,0.33,0.04,0.9,0.07,0.3
Milk/Plant milk,"Chocolate milk, made from dry mix with non-dairy milk",11513310,0,1,0,10.32,0,12.7,0.5,0,0,0.243,1.68,66,0.094,1.3,8.99,0.014,85.96,0.445,0.511,0.272,1.27,169,0.142,0.32,13,30,105,63,0.57,66,0.4,0.07,1.7,1.32,1.5
Milk/Plant milk,"Chocolate milk, made from dry mix with non-dairy milk (Nesquik)",11513385,0,1,0,10.32,0,12.7,0.5,0,0,0.243,1.68,66,0.094,1.3,8.99,0.014,85.96,0.445,0.511,0.272,1.27,169,0.142,0.32,13,30,105,63,0.57,66,0.4,0.07,1.7,1.32,1.5
Milk/Plant milk,Chocolate milk drink,11560000,0,0,0,10.68,0,3.3,0.6,1,0,0.106,0.64,60,0.051,0.7,8.68,0.01,87.63,0.049,0.009,0.31,0.4,100,0.074,0.33,11,24,79,91,0.16,60,0.06,0.011,2,0.01,0.1
Milk/Plant milk,"Chocolate milk, NFS",11511000,0,11,0,13.46,2,15.6,0,0,0,0.164,3.39,63,0.166,1.9,8.39,0.045,82.34,0,0,0,0,127,0.075,0.27,13,101,182,79,0.41,64,0.32,0.024,1,0.04,0.2
Milk/Plant milk,"Chocolate milk, ready to drink, fat free",11511300,0,11,0,13.46,2,15.6,0,0,0,0.164,3.39,63,0.166,1.9,8.39,0.045,82.34,0,0,0,0,127,0.075,0.27,13,101,182,79,0.41,64,0.32,0.024,1,0.04,0.2
Milk/Plant milk,"Chocolate milk, ready to drink, fat free (Nesquik)",11511610,0,11,0,13.46,2,15.6,0,0,0,0.164,3.39,63,0.166,1.9,8.39,0.045,82.34,0,0,0,0,127,0.075,0.27,13,101,182,79,0.41,64,0.32,0.024,1,0.04,0.2
Milk/Plant milk,"Chocolate milk, made from light syrup with fat free milk",11513804,0,2,0,8.61,3,16,0,0,0,0.126,3.18,56,0.12,1.9,8,0.05,87.21,0.015,0.005,0.043,0.19,117,0.036,0,15,100,170,48,0.45,56,0.51,0.052,0,0,0
Milk/Plant milk,"Chocolate milk, made from light syrup with low fat milk",11513803,0,1,0,8.87,4,15.3,0,0,0,0.121,3.13,51,0.127,2,7.92,0.051,86.24,0.184,0.028,0.497,0.95,112,0.035,0,15,97,163,47,0.44,51,0.53,0.054,0,0.02,0.1
Milk/Plant milk,"Chocolate milk, made from light syrup, NS as to type of milk",11513800,0,3,0,8.6,7,15.8,0,0,0,0.119,3.1,51,0.125,1.8,7.86,0.051,85.67,0.373,0.057,1.018,1.86,111,0.035,0,15,97,161,47,0.43,51,0.49,0.054,0.1,0.03,0.2
Milk/Plant milk,"Chocolate milk, made from light syrup with reduced fat milk",11513802,0,3,0,8.63,7,16,0,0,0,0.12,3.1,73,0.125,1.7,7.86,0.053,85.72,0.35,0.051,0.971,1.78,112,0.035,0,15,97,163,47,0.44,73,0.48,0.054,0.2,0.03,0.2
Milk/Plant milk,"Soy milk, chocolate",11321000,0,2,0,9.95,0,23.6,0.4,0,0,0.513,2.26,70,0.262,4.8,7.86,0.022,85.61,0.379,0.836,0.24,1.53,126,0.206,0.48,15,51,143,53,0.34,70,0.7,0.077,1.7,0.11,3
Milk/Plant milk,"Milk, malted",11526000,0,4,0,8.67,8,17.2,0,0,0,0.89,3.2,115,0.131,1.8,7.82,0.113,85.25,0.408,0.062,1.114,1.91,159,0.079,0.71,21,98,150,60,1,115,0.54,0.136,2.4,0.56,0.2
Milk/Plant milk,"Chocolate milk, made from light syrup with whole milk",11513801,0,6,0,8.42,10,15.7,0,0,0,0.114,3.04,27,0.126,1.8,7.79,0.05,84.85,0.602,0.094,1.627,2.92,109,0.035,0,15,95,155,46,0.42,28,0.47,0.054,0,0.04,0.3
Milk/Plant milk,"Almond milk, sweetened, chocolate",11350010,0,0,0,8.34,0,2.9,0.3,0,0,0.071,0.43,83,0.011,0.2,7.72,0,89.52,0.561,0.224,0.098,0.95,171,0.03,0.3,7,11,67,67,0.08,83,0,0,0,2.61,0
Milk/Plant milk,"Chocolate milk, ready to drink, reduced sugar, NS as to milk",11511550,0,2,0,7.68,5,15.2,0,0,0,0.122,3.43,96,0.225,1.9,7.29,0.035,87.09,0.29,0.054,0.616,1.04,122,0.018,0.16,13,98,168,66,0.46,96,0.2,0.05,0,0,0.1
Milk/Plant milk,"Chocolate milk, made from light syrup with non-dairy milk",11513805,0,1,0,8.78,0,11.7,0.2,0,0,0.237,1.48,62,0.09,1.2,7.27,0.014,87.84,0.415,0.476,0.123,1.17,132,0.115,0.3,14,29,105,63,0.2,62,0.37,0.015,0,1.23,1.3
Milk/Plant milk,"Soy milk, light, chocolate",11321100,0,2,0,8.24,0,28.4,0.7,0,0,0.512,2.1,61,0.201,1.7,7.13,0.037,88.38,0.037,0.405,0.032,0.64,123,0.199,0.59,15,87,144,46,0.23,61,1,0.037,0,0.13,3.6
Milk/Plant milk,"Soy milk, nonfat, chocolate",11321200,0,2,0,8.24,0,28.4,0.7,0,0,0.512,2.1,61,0.201,1.7,7.13,0.037,88.38,0.037,0.405,0.032,0.64,123,0.199,0.59,15,87,144,46,0.23,61,1,0.037,0,0.13,3.6
Milk/Plant milk,"Milk, human",11000000,0,7,0,6.89,14,16,0,0,0,0.177,1.03,60,0.036,1.8,6.89,0.014,87.5,1.658,0.497,2.009,4.38,32,0.052,0.03,3,14,51,17,0.17,61,0.05,0.011,5,0.08,0.3
Milk/Plant milk,"Strawberry milk, reduced sugar",11519210,0,1,0,7.08,5,17.1,0,0,0,0.111,3.31,57,0.138,2.1,6.86,0.056,87.91,0.206,0.031,0.557,0.94,124,0.001,0,12,101,156,38,0.42,57,0.6,0.059,0,0.02,0.1
Milk/Plant milk,"Chocolate milk, made from reduced sugar mix with fat free milk",11513370,0,2,0,7.63,3,28.9,0.4,0,0,1.217,3.67,61,0.14,2.9,6.01,0.118,87.2,0.108,0.085,0.047,0.27,166,0.08,0.14,30,124,233,61,1.02,61,0.56,0.134,2.4,0,0
Milk/Plant milk,"Chocolate milk, made from no sugar added dry mix with fat free milk  (Nesquik)",11513394,0,2,0,7.63,3,28.9,0.4,0,0,1.217,3.67,61,0.14,2.9,6.01,0.118,87.2,0.108,0.085,0.047,0.27,166,0.08,0.14,30,124,233,61,1.02,61,0.56,0.134,2.4,0,0
Milk/Plant milk,"Chocolate milk, made from reduced sugar mix with low fat milk",11513365,0,1,0,7.91,5,28.2,0.4,0,0,1.212,3.63,55,0.149,3,5.92,0.119,86.15,0.292,0.11,0.543,1.1,160,0.079,0.14,29,120,226,59,1,55,0.58,0.136,2.4,0.02,0.1
Milk/Plant milk,"Chocolate milk, made from no sugar added dry mix with low fat milk (Nesquik)",11513393,0,1,0,7.91,5,28.2,0.4,0,0,1.212,3.63,55,0.149,3,5.92,0.119,86.15,0.292,0.11,0.543,1.1,160,0.079,0.14,29,120,226,59,1,55,0.58,0.136,2.4,0.02,0.1
Milk/Plant milk,"Chocolate milk, made from reduced sugar mix, NS as to type of milk",11513350,0,4,0,7.61,8,28.7,0.4,0,0,1.21,3.59,56,0.146,2.8,5.86,0.119,85.52,0.499,0.141,1.114,2.1,159,0.079,0.14,29,120,224,59,1,56,0.54,0.136,2.4,0.03,0.2
Milk/Plant milk,"Chocolate milk, made from reduced sugar mix with reduced fat milk",11513360,0,3,0,7.64,8,28.9,0.4,0,0,1.211,3.6,79,0.146,2.7,5.86,0.121,85.58,0.474,0.134,1.062,2.01,160,0.079,0.14,29,120,226,59,1,79,0.53,0.137,2.5,0.03,0.2
Milk/Plant milk,"Chocolate milk, made from no sugar added dry mix, NS as to type of milk (Nesquik)",11513390,0,4,0,7.61,8,28.7,0.4,0,0,1.21,3.59,56,0.146,2.8,5.86,0.119,85.52,0.499,0.141,1.114,2.1,159,0.079,0.14,29,120,224,59,1,56,0.54,0.136,2.4,0.03,0.2
Milk/Plant milk,"Chocolate milk, made from no sugar added dry mix with reduced fat milk (Nesquik)",11513392,0,3,0,7.64,8,28.9,0.4,0,0,1.211,3.6,79,0.146,2.7,5.86,0.121,85.58,0.474,0.134,1.062,2.01,160,0.079,0.14,29,120,226,59,1,79,0.53,0.137,2.5,0.03,0.2
Milk/Plant milk,"Milk, dry, reconstituted, whole",11121100,0,8,0,5.86,15,18.2,0,0,0,0.099,4.01,39,0.184,2.5,5.86,0.043,85.04,1.209,0.101,2.554,4.08,142,0.021,0.07,14,118,203,60,0.52,39,0.5,0.046,1.3,0.09,0.3
Milk/Plant milk,"Chocolate milk, made from reduced sugar mix with whole milk",11513355,0,7,0,7.42,11,28.5,0.4,0,0,1.205,3.53,30,0.147,2.8,5.78,0.118,84.62,0.75,0.182,1.78,3.26,157,0.079,0.14,29,118,217,58,0.98,31,0.52,0.137,2.4,0.05,0.3
Milk/Plant milk,"Chocolate milk, made from no sugar added dry mix with whole milk (Nesquik)",11513391,0,7,0,7.42,11,28.5,0.4,0,0,1.205,3.53,30,0.147,2.8,5.78,0.118,84.62,0.75,0.182,1.78,3.26,157,0.079,0.14,29,118,217,58,0.98,31,0.52,0.137,2.4,0.05,0.3
Milk/Plant milk,"Buttermilk, reduced fat (2%)",11115200,0,3,0,5.3,8,16,0,0,0,0.1,4.1,16,0.21,2.3,5.3,0.05,87.7,0.576,0.071,1.242,2,143,0.008,0.06,13,82,180,105,0.24,16,0.37,0.03,1.5,0.11,0.1
Milk/Plant milk,"Strawberry milk, NFS",11519040,0,3,0,5.35,8,18,0,0,0,0.11,3.33,81,0.139,1.8,5.29,0.058,88.68,0.404,0.059,1.111,1.9,128,0.001,0,12,102,157,40,0.43,81,0.55,0.059,0.2,0.03,0.2
Milk/Plant milk,"Chocolate milk, made from reduced sugar mix with non-dairy milk",11513375,0,1,0,7.81,0,24.2,0.6,0,0,1.34,1.82,68,0.108,2.1,5.2,0.079,87.89,0.545,0.6,0.135,1.34,183,0.166,0.47,28,46,163,77,0.74,68,0.41,0.093,2.4,1.34,1.4
Milk/Plant milk,"Chocolate milk, made from no sugar added dry mix with non-dairy milk (Nesquik)",11513395,0,1,0,7.81,0,24.2,0.6,0,0,1.34,1.82,68,0.108,2.1,5.2,0.079,87.89,0.545,0.6,0.135,1.34,183,0.166,0.47,28,46,163,77,0.74,68,0.41,0.093,2.4,1.34,1.4
Milk/Plant milk,"Milk, fat free (skim)",11113000,0,2,0,4.89,3,18.2,0,0,0,0.118,3.43,64,0.131,2,5.05,0.056,90.8,0.017,0.006,0.049,0.08,132,0.002,0,12,107,167,41,0.45,64,0.58,0.058,0,0,0
Milk/Plant milk,"Milk, lactose free, fat free (skim)",11114320,0,2,0,4.89,3,18.2,0,0,0,0.118,3.43,64,0.131,2,5.05,0.056,90.8,0.017,0.006,0.049,0.08,132,0.002,0,12,107,167,41,0.45,64,0.58,0.058,0,0,0
Milk/Plant milk,"Milk, calcium fortified, low fat (1%)",11111160,0,1,0,5.19,5,17.4,0,0,0,0.113,3.38,58,0.14,2.1,4.96,0.057,89.7,0.21,0.032,0.568,0.95,126,0.001,0,12,103,159,39,0.43,58,0.61,0.06,0,0.02,0.1
Milk/Plant milk,"Milk, acidophilus, low fat (1%)",11112120,0,1,0,5.19,5,17.4,0,0,0,0.113,3.38,58,0.14,2.1,4.96,0.057,89.7,0.21,0.032,0.568,0.95,126,0.001,0,12,103,159,39,0.43,58,0.61,0.06,0,0.02,0.1
Milk/Plant milk,"Milk, low fat (1%)",11112210,0,1,0,5.19,5,17.4,0,0,0,0.113,3.38,58,0.14,2.1,4.96,0.057,89.7,0.21,0.032,0.568,0.95,126,0.001,0,12,103,159,39,0.43,58,0.61,0.06,0,0.02,0.1
Milk/Plant milk,"Milk, lactose free, low fat (1%)",11114300,0,1,0,5.19,5,17.4,0,0,0,0.113,3.38,58,0.14,2.1,4.96,0.057,89.7,0.21,0.032,0.568,0.95,126,0.001,0,12,103,159,39,0.43,58,0.61,0.06,0,0.02,0.1
Milk/Plant milk,"Milk, NFS",11100000,0,4,0,4.87,8,17.9,0,0,0,0.11,3.34,58,0.137,1.9,4.89,0.057,89.04,0.426,0.065,1.164,1.99,126,0.001,0,12,103,157,39,0.42,59,0.56,0.06,0.1,0.03,0.2
Milk/Plant milk,"Milk, reduced fat (2%)",11112110,0,3,0,4.91,8,18.2,0,0,0,0.112,3.35,83,0.137,1.8,4.89,0.059,89.1,0.4,0.058,1.11,1.9,126,0.001,0,12,103,159,39,0.43,83,0.55,0.061,0.2,0.03,0.2
Milk/Plant milk,"Milk, acidophilus, reduced fat (2%)",11112130,0,3,0,4.91,8,18.2,0,0,0,0.112,3.35,83,0.137,1.8,4.89,0.059,89.1,0.4,0.058,1.11,1.9,126,0.001,0,12,103,159,39,0.43,83,0.55,0.061,0.2,0.03,0.2
Milk/Plant milk,"Milk, lactose free, reduced fat (2%)",11114330,0,3,0,4.91,8,18.2,0,0,0,0.112,3.35,83,0.137,1.8,4.89,0.059,89.1,0.4,0.058,1.11,1.9,126,0.001,0,12,103,159,39,0.43,83,0.55,0.061,0.2,0.03,0.2
Milk/Plant milk,"Buttermilk, whole",11115300,0,7,0,4.88,11,14.6,0,0,0,0.09,3.21,46,0.172,3.7,4.88,0.047,87.91,0.827,0.198,1.899,3.31,115,0.025,0.03,10,85,135,105,0.38,47,0.46,0.036,0,0.07,0.3
Milk/Plant milk,"Milk, calcium fortified, fat free (skim)",11111170,0,0,0,4.85,2,16,0,0,0,0.088,3.4,137,0.14,2.1,4.85,0.036,90.8,0.047,0.007,0.117,0.18,204,0.011,0.04,11,101,166,52,0.4,137,0.38,0.04,1,0.01,0
Milk/Plant milk,"Milk, whole",11111000,0,7,0,4.67,12,17.8,0,0,0,0.105,3.28,31,0.138,1.9,4.81,0.056,88.1,0.688,0.108,1.86,3.2,123,0.001,0,12,101,150,38,0.41,32,0.54,0.061,0,0.05,0.3
Milk/Plant milk,"Milk, calcium fortified, whole",11111150,0,7,0,4.67,12,17.8,0,0,0,0.105,3.28,31,0.138,1.9,4.81,0.056,88.1,0.688,0.108,1.86,3.2,123,0.001,0,12,101,150,38,0.41,32,0.54,0.061,0,0.05,0.3
Milk/Plant milk,"Milk, lactose free, whole",11114350,0,7,0,4.67,12,17.8,0,0,0,0.105,3.28,31,0.138,1.9,4.81,0.056,88.1,0.688,0.108,1.86,3.2,123,0.001,0,12,101,150,38,0.41,32,0.54,0.061,0,0.05,0.3
Milk/Plant milk,"Buttermilk, fat free (skim)",11115000,0,1,0,4.79,4,17.7,0,0,0,0.058,3.31,13,0.154,2,4.79,0.034,90.13,0.254,0.033,0.66,1.07,116,0.011,0.05,11,89,151,148,0.42,14,0.22,0.034,1,0.05,0.1
Milk/Plant milk,"Buttermilk, low fat (1%)",11115100,0,1,0,4.79,4,17.7,0,0,0,0.058,3.31,13,0.154,2,4.79,0.034,90.13,0.254,0.033,0.66,1.07,116,0.011,0.05,11,89,151,148,0.42,14,0.22,0.034,1,0.05,0.1
Milk/Plant milk,"Almond milk, sweetened",11350000,0,0,0,5.24,0,3,0.2,0,0,0.067,0.38,86,0.01,0.1,4.77,0,92.68,0.566,0.23,0.077,0.93,177,0.019,0.27,6,9,64,69,0.06,86,0,0,0,2.7,0
Milk/Plant milk,"Milk, dry, reconstituted, NS as to fat content",11120000,0,0,0,4.6,2,15,0,0,0,0.084,3.2,58,0.137,2.4,4.6,0.037,91.34,0.018,0.003,0.044,0.07,114,0.013,0.03,11,86,159,51,0.37,58,0.36,0.032,0.6,0,0
Milk/Plant milk,"Milk, dry, reconstituted, fat free (skim)",11121300,0,0,0,4.6,2,15,0,0,0,0.084,3.2,1,0.137,2.4,4.6,0.037,91.34,0.018,0.003,0.044,0.07,114,0.013,0.03,11,86,159,51,0.37,1,0.36,0.032,0.6,0,0
Milk/Plant milk,"Milk, dry, reconstituted, low fat (1%)",11121210,0,2,0,4.55,4,15,0,0,0,0.083,3.17,65,0.136,2.4,4.55,0.036,90.48,0.291,0.038,0.633,1.01,113,0.013,0.03,11,85,157,51,0.37,65,0.35,0.032,0.6,0.03,0.1
Milk/Plant milk,"Milk, low sodium, whole",11111100,0,7,0,4.46,14,16,0,0,0,0.043,3.1,28,0.105,2,4.46,0.02,88.2,0.999,0.128,2.154,3.46,101,0.01,0.05,5,86,253,3,0.38,29,0.36,0.034,0.9,0.08,0.3
Milk/Plant milk,"Chocolate milk, made from sugar free syrup with fat free milk",11513854,0,2,0,6.06,3,16.1,0.4,1,0,0.15,3.36,56,0.123,2,4.45,0.051,89.31,0.069,0.01,0.136,0.32,115,0.073,0.26,20,108,195,79,0.52,56,0.51,0.053,0,0,0
Milk/Plant milk,"Chocolate milk, made from sugar free syrup with low fat milk",11513853,0,1,0,6.32,4,15.4,0.4,1,0,0.145,3.32,51,0.131,2.1,4.37,0.052,88.34,0.237,0.033,0.59,1.08,110,0.072,0.26,20,104,188,77,0.5,51,0.53,0.055,0,0.02,0.1
Milk/Plant milk,"Chocolate milk, made from sugar free syrup, NS as to type of milk",11513850,0,3,0,6.04,7,15.9,0.4,1,0,0.143,3.28,51,0.129,1.9,4.31,0.052,87.77,0.426,0.062,1.112,2,110,0.072,0.26,20,104,186,77,0.5,51,0.49,0.055,0.1,0.03,0.2
Milk/Plant milk,"Chocolate milk, made from sugar free syrup with reduced fat milk",11513852,0,3,0,6.08,7,16.1,0.4,1,0,0.144,3.29,73,0.129,1.8,4.31,0.054,87.82,0.404,0.056,1.064,1.92,110,0.072,0.26,20,104,188,77,0.5,73,0.48,0.056,0.2,0.03,0.2
Milk/Plant milk,"Chocolate milk, made from sugar free syrup with whole milk",11513851,0,6,0,5.87,10,15.8,0.4,1,0,0.138,3.23,27,0.13,1.9,4.24,0.051,86.94,0.655,0.1,1.72,3.05,108,0.072,0.26,20,103,180,76,0.48,28,0.47,0.056,0,0.05,0.3
Milk/Plant milk,"Chocolate milk, made from sugar free syrup with non-dairy milk",11513855,0,1,0,6.22,0,11.8,0.5,1,0,0.262,1.66,62,0.094,1.3,3.72,0.015,89.94,0.468,0.481,0.217,1.31,131,0.151,0.56,18,37,130,94,0.26,62,0.37,0.016,0,1.23,1.4
Milk/Plant milk,Soy milk,11320000,0,2,0,4.92,0,23.6,0.2,0,0,0.425,2.6,55,0.184,2.3,3.65,0.029,90.36,0.382,0.858,0.205,1.47,123,0.165,0.42,15,43,122,47,0.26,55,0.85,0.031,0,0.11,3
Milk/Plant milk,"Soy milk, nonfat",11320200,0,1,0,4.14,0,17.9,0.2,0,0,0.323,2.47,61,0.174,1.8,3.65,0.022,92.67,0,0.036,0,0.04,116,0.125,0.35,10,87,105,57,0.1,61,0.23,0.024,0,0.08,2.3
Milk/Plant milk,"Soy milk, light",11320100,0,1,0,3.51,0,12.3,0.3,0,0,0.222,2.38,61,0.201,2.3,2.61,0.037,92.69,0.202,0.426,0.005,0.77,123,0.086,0.43,15,87,117,48,0.23,61,1,0.016,0,0.06,1.6
Milk/Plant milk,"Almond milk, unsweetened",11350020,0,0,0,1.31,0,3.1,0.2,0,0,0.07,0.4,90,0.01,0.1,0.81,0,96.54,0.59,0.24,0.08,0.96,184,0.02,0.28,6,9,67,72,0.06,90,0,0,0,2.81,0
Milk/Plant milk,"Almond milk, unsweetened, chocolate",11350030,0,0,0,1.48,0,3.1,0.3,0,0,0.076,0.46,90,0.011,0.1,0.81,0,96.26,0.602,0.241,0.104,1,184,0.031,0.32,7,11,71,72,0.08,90,0,0,0,2.8,0
Coffee/Coffee drink,"Coffee, instant, pre-sweetened with sugar, reconstituted",92121010,0,0,0,3.96,0,0.8,0,0,0,0.228,0.1,0,0.001,0.1,3.36,0,95.75,0,0.002,0.002,0.02,4,0.011,0.04,4,2,29,4,0.01,0,0,0,0,0,0
Nutritional drink or shake,"Nutritional drink or shake, ready-to-drink (Ensure)",95103000,0,0,0,16.88,2,32.4,0,0,0,2.11,3.8,158,0.179,7.4,9.7,0.158,76.2,0.844,1.266,0.422,2.53,127,0.211,1.9,42,105,156,84,1.58,158,0.63,0.211,12.7,1.42,8.4
Nutritional drink or shake,"Nutritional drink or shake, ready-to-drink, NFS",95120000,0,0,0,16.88,2,32.4,0,0,0,2.11,3.8,158,0.179,7.4,9.7,0.158,76.2,0.844,1.266,0.422,2.53,127,0.211,1.9,42,105,156,84,1.58,158,0.63,0.211,12.7,1.42,8.4
Nutritional drink or shake,"Nutritional drink or shake, ready-to-drink (Boost Plus)",95101010,0,144,0,17.29,4,21.1,1.2,0,0,1.537,5.38,72,0.163,6.7,8.46,0.144,71.1,2.551,0.122,0.42,5.38,135,0.192,1.73,38,115,138,77,1.73,84,0.81,0.269,23.1,5.19,12.3
Nutritional drink or shake,"Nutritional drink or shake, high protein, light, ready-to-drink, NFS",95120020,0,144,0,17.29,4,21.1,1.2,0,0,1.537,5.38,72,0.163,6.7,8.46,0.144,71.1,2.551,0.122,0.42,5.38,135,0.192,1.73,38,115,138,77,1.73,84,0.81,0.269,23.1,5.19,12.3
Nutritional drink or shake,"Nutritional drink or shake, liquid, soy-based",95120050,0,144,0,17.29,4,21.1,1.2,0,0,1.537,5.38,72,0.163,6.7,8.46,0.144,71.1,2.551,0.122,0.42,5.38,135,0.192,1.73,38,115,138,77,1.73,84,0.81,0.269,23.1,5.19,12.3
Nutritional drink or shake,"Nutritional drink or shake, ready-to-drink (Boost)",95101000,0,1,0,17.3,4,1.6,1.3,0,0,1.688,4.22,158,0.179,7.4,8.44,0.158,75.82,1.154,0.057,0.422,1.69,127,0.211,1.9,42,127,245,63,1.9,158,0.89,0.295,25.3,5.7,16.9
Nutritional drink or shake,"Nutritional drink or shake, ready-to-drink (Ensure Plus)",95103010,0,0,0,19.88,2,32.4,0,0,0,1.984,5.16,149,0.171,7.1,8.33,0.151,69.84,1.095,2.655,0.574,4.52,79,0.198,1.79,40,79,175,95,1.51,149,0.6,0.198,11.9,1.34,7.9
Nutritional drink or shake,"Nutritional drink or shake, ready-to-drink (Kellogg's Special K Protein)",95105000,0,3,0,9.2,4,7.5,1.7,0,0,2.2,3.2,169,0.19,5.6,5.95,0.16,84.5,0.834,0.521,0.208,1.6,113,0,0.5,39,113,168,73,0.7,169,0.7,0.23,20,4.5,6.4
Nutritional drink or shake,"Nutritional drink or shake, ready-to-drink (Slim Fast)",95110000,0,0,0,7.74,3,14.8,1.6,0,0,2.26,3.32,170,0.19,5.7,5.95,0.17,85.69,0.97,0.32,0.54,1.93,161,0.012,0.87,45,161,193,68,0.72,170,0.68,0.225,19.4,4.58,6.5
Nutritional drink or shake,"Nutritional drink or shake, ready-to-drink, sugar free (Slim Fast)",95110010,0,0,0,7.74,3,14.8,1.6,0,0,2.26,3.32,170,0.19,5.7,5.95,0.17,85.69,0.97,0.32,0.54,1.93,161,0.012,0.87,45,161,193,68,0.72,170,0.68,0.225,19.4,4.58,6.5
Nutritional drink or shake,"Nutritional drink or shake, ready-to-drink, sugar free (Glucerna)",95104000,0,0,0,11.88,2,60.5,2.2,0,0,2.201,4.4,165,0.187,7.7,2.64,0.165,79.74,2.318,0.395,0.232,3.08,110,0.22,1.98,44,110,176,92,1.65,165,0.66,0.22,26.4,1.46,8.8
Nutritional drink or shake,"Nutritional drink or shake, ready-to-drink (Muscle Milk)",95106000,0,0,0,2.28,2,0,0.2,0,0,1.416,5.87,88,0.139,0,0.78,0.133,89,1.449,0.362,0.362,2.17,69,0.143,1.3,20,101,198,95,1.05,88,0.69,0.224,27.6,0.83,0
Nutritional drink or shake,"Nutritional drink or shake, high protein, ready-to-drink (Slim Fast)",95110020,0,0,0,0.85,4,0,0.4,0,0,2.39,6.59,171,0.19,4.5,0.6,0.17,88.57,2.1,0.767,0.508,3.38,130,0.014,0.96,44,136,179,72,0.85,171,0.6,0.208,19.4,4.58,6.5
Nutritional drink or shake,"Nutritional drink or shake, high protein, ready-to-drink, NFS",95120010,0,0,0,0.85,4,0,0.4,0,0,2.39,6.59,171,0.19,4.5,0.6,0.17,88.57,2.1,0.767,0.508,3.38,130,0.014,0.96,44,136,179,72,0.85,171,0.6,0.208,19.4,4.58,6.5
Nutritional drink or shake,"Nutritional drink or shake, ready-to-drink, light (Muscle Milk)",95106010,0,0,0,2.1,1,7.8,0.2,0,0,1.337,4.78,100,0.115,3.2,0.38,0.095,91.51,0.809,0.118,0.104,1.15,117,0.143,1.15,28,67,80,27,0.96,100,0.4,0.134,4,0.9,0
Soft drink,"Soft drink, cream soda",92410410,0,0,0,13.3,0,0,0,0,0,0,0,0,0,0,13.3,0,86.7,0,0,0,0,5,0.008,0.05,1,0,1,12,0.07,0,0,0,0,0,0
Soft drink,"Soft drink, fruit flavored, caffeine containing",92410550,0,0,0,12.83,0,0.4,0,0,0,0.015,0,0,0,0,12.9,0,86.89,0,0,0,0,2,0.001,0.11,1,0,2,18,0.04,0,0,0,0,0,0
Soft drink,"Soft drink, chocolate flavored",92410810,0,0,0,10.7,0,0.3,0,0,0,0,0,0,0,0.1,10.7,0,89.2,0,0,0,0,4,0.013,0.1,1,1,50,4,0.16,0,0,0,0,0,0
Soft drink,"Soft drink, root beer",92410710,0,0,0,10.6,0,0.3,0,0,0,0,0,0,0,0.1,10.6,0,89.3,0,0,0,0,5,0.007,0.05,1,0,1,13,0.07,0,0,0,0,0,0
Soft drink,"Soft drink, pepper type, decaffeinated",92410390,0,0,0,10.58,0,0.3,0,0,0,0,0,0,0,0.1,10.58,0,89.62,0,0,0,0,2,0,0.02,0,11,3,4,0.01,0,0,0,0,0,0
Soft drink,"Soft drink, cola, decaffeinated",92410340,0,0,0,10.58,0,0.3,0,0,0,0,0,0,0,0.1,10.58,0,89.62,0,0,0,0,2,0,0.02,0,11,3,4,0.01,0,0,0,0,0,0
Soft drink,"Soft drink, pepper type",92410360,0,0,0,10.36,0,0.3,0,0,0,0,0,0,0,0.1,9.94,0,89.36,0,0,0,0.25,1,0.007,0.02,0,9,5,3,0.09,0,0,0,0,0,0
Soft drink,"Soft drink, NFS",92400000,0,0,0,10.36,0,0.3,0,0,0,0,0,0,0,0.1,9.94,0,89.36,0,0,0,0.25,1,0.007,0.02,0,9,5,3,0.09,0,0,0,0,0,0
Soft drink,"Soft drink, cola, fruit or vanilla flavored",92411510,0,0,0,10.36,0,0.3,0,0,0,0,0,0,0,0.1,9.94,0,89.36,0,0,0,0.25,1,0.007,0.02,0,9,5,3,0.09,0,0,0,0,0,0
Soft drink,"Soft drink, cola, chocolate flavored",92411520,0,0,0,10.36,0,0.3,0,0,0,0,0,0,0,0.1,9.94,0,89.36,0,0,0,0.25,1,0.007,0.02,0,9,5,3,0.09,0,0,0,0,0,0
Soft drink,"Soft drink, cola",92410310,0,0,0,10.36,0,0.3,0,0,0,0,0,0,0,0.1,9.94,0,89.36,0,0,0,0.25,1,0.007,0.02,0,9,5,3,0.09,0,0,0,0,0,0
Soft drink,"Soft drink, fruit flavored, caffeine free",92410510,0,0,0,10.14,0,0.4,0,0,0,0.015,0.05,0,0,0,8.98,0,89.78,0,0,0,0.02,2,0.001,0.11,1,0,1,9,0.04,0,0,0,0,0,0
Soft drink,"Soft drink, ginger ale",92410610,0,0,0,8.76,0,0,0,0,0,0,0,0,0,0.1,8.9,0,91.23,0,0,0,0,3,0.018,0.18,1,0,1,7,0.05,0,0,0,0,0,0
Soft drink,"Carbonated water, sweetened",92410110,0,0,0,8.8,0,0,0,0,0,0,0,0,0,0,8.8,0,91.1,0,0,0,0,1,0.006,0.01,0,0,0,12,0.1,0,0,0,0,0,0
Soft drink,"Soft drink, cola, reduced sugar",92410315,0,0,0,5.16,0,0.3,0,0,0,0,0,0,0,0.1,5.16,0,94.78,0,0,0,0,2,0,0.02,0,11,3,4,0.01,0,0,0,0,0,0
Soft drink,"Soft drink, root beer, diet",92410720,0,0,0,0,0,0,0,0,0,0,0.1,0,0,0,0,0,99.8,0,0,0,0,4,0.025,0.04,1,0,2,6,0,0,0,0,0,0,0
Soft drink,"Soft drink, pepper type, diet",92410370,0,0,0,0.29,0,0,0,0,0,0,0.11,0,0.023,0,0,0.005,99.54,0,0,0,0.03,3,0.002,0.11,1,9,8,8,0.01,0,0,0,0,0,0
Soft drink,"Soft drink, pepper type, decaffeinated, diet",92410400,0,0,0,0.12,0,0,0,0,0,0,0.12,0,0.023,0.1,0,0.005,99.74,0,0,0,0,3,0.002,0.02,0,10,7,4,0.01,0,0,0,0,0,0
Soft drink,"Soft drink, NFS, diet",92400100,0,0,0,0.29,0,0,0,0,0,0,0.11,0,0.023,0,0,0.005,99.54,0,0,0,0.03,3,0.002,0.11,1,9,8,8,0.01,0,0,0,0,0,0
Soft drink,"Soft drink, ginger ale, diet",92410620,0,0,0,0,0,0,0,0,0,0,0.1,0,0,0,0,0,99.8,0,0,0,0,4,0.025,0.04,1,0,2,6,0,0,0,0,0,0,0
Soft drink,"Soft drink, fruit flavored, diet, caffeine free",92410520,0,0,0,0,0,0,0,0,0,0,0.1,0,0,0,0,0,99.8,0,0,0,0,4,0.025,0.04,1,0,2,6,0,0,0,0,0,0,0
Soft drink,"Soft drink, fruit flavored, caffeine containing, diet",92410560,0,0,0,0,0,0,0,0,0,0,0.1,0,0,0,0,0,99.8,0,0,0,0,4,0.025,0.04,1,0,2,6,0,0,0,0,0,0,0
Soft drink,"Soft drink, cream soda, diet",92410420,0,0,0,0,0,0,0,0,0,0,0.1,0,0,0,0,0,99.8,0,0,0,0,4,0.025,0.04,1,0,2,6,0,0,0,0,0,0,0
Soft drink,"Soft drink, cola, fruit or vanilla flavored, diet",92411610,0,0,0,0.29,0,0,0,0,0,0,0.11,0,0.023,0,0,0.005,99.54,0,0,0,0.03,3,0.002,0.11,1,9,8,8,0.01,0,0,0,0,0,0
Soft drink,"Soft drink, cola, diet",92410320,0,0,0,0.29,0,0,0,0,0,0,0.11,0,0.023,0,0,0.005,99.54,0,0,0,0.03,3,0.002,0.11,1,9,8,8,0.01,0,0,0,0,0,0
Soft drink,"Soft drink, cola, decaffeinated, diet",92410350,0,0,0,0.12,0,0,0,0,0,0,0.12,0,0.023,0.1,0,0.005,99.74,0,0,0,0,3,0.002,0.02,0,10,7,4,0.01,0,0,0,0,0,0
Soft drink,"Soft drink, cola, chocolate flavored, diet",92411620,0,0,0,0.29,0,0,0,0,0,0,0.11,0,0.023,0,0,0.005,99.54,0,0,0,0.03,3,0.002,0.11,1,9,8,8,0.01,0,0,0,0,0,0
Soft drink,"Soft drink, chocolate flavored, diet",92410820,0,0,0,0.29,0,0,0,0,0,0,0.11,0,0.023,0,0,0.005,99.54,0,0,0,0.03,3,0.002,0.11,1,9,8,8,0.01,0,0,0,0,0,0
Soft drink,"Carbonated water, unsweetened",92410210,0,0,0,0,0,0,0,0,0,0,0,0,0,0,0,0,99.9,0,0,0,0,5,0.006,0.01,1,0,2,21,0.1,0,0,0,0,0,0
Soft drink,"Carbonated water, sweetened, with low-calorie or no-calorie sweetener",92410250,0,0,0,0,0,0,0,0,0,0,0.1,0,0,0,0,0,99.8,0,0,0,0,4,0.025,0.04,1,0,2,6,0,0,0,0,0,0,0
Sports drink,Sports drink (Powerade),95320500,0,0,0,7.84,0,0,0,0,0,1.565,0,0,0,0,6.11,0.011,91.91,0.011,0.028,0.008,0.05,1,0,0.09,0,1,18,42,0.01,0,0.91,0.153,0,0,0
Sports drink,"Sports drink, NFS",95321000,0,0,0,6.43,0,0,0,0,0,0.22,0,0,0,0,5.24,0.011,93.38,0,0,0,0,1,0.006,0.05,0,10,15,39,0.01,0,0,0.022,0.4,0,0.2
Sports drink,"Sports drink, low calorie (Gatorade G2)",95322200,0,0,0,1.94,0,0,0,0,0,0,0.05,0,0,0,1.3,0,97.94,0,0,0,0.01,0,0,0,0,7,13,45,0,0,0,0,0,0,0.2
Sports drink,"Sports drink, low calorie",95323000,0,0,0,1.94,0,0,0,0,0,0,0.05,0,0,0,1.3,0,97.94,0,0,0,0.01,0,0,0,0,7,13,45,0,0,0,0,0,0,0.2
Sports drink,"Sports drink, low calorie (Powerade Zero)",95322500,0,0,0,0.14,0,0,0,0,0,0.833,0,0,0,0,0,0,99.35,0,0,0,0,0,0,0,0,0,10,42,0,0,0.25,0.083,0,0,0
Tea,"Tea, iced, bottled, black",92309000,0,0,0,10.8,0,0,0,0,0,0,0,0,0,0,9.49,0,88.95,0,0,0,0.22,4,0.006,0,1,1,14,3,0.01,0,0,0,0,0,0
Tea,"Tea, hot, chai, with milk",92306800,0,2,0,8.97,4,8.6,0.1,0,0,0.054,1.58,28,0.072,0.9,8.73,0.027,88.11,0.203,0.033,0.564,0.98,61,0.007,0.02,7,49,92,20,0.21,28,0.26,0.029,0,0.02,0.1
Tea,"Tea, iced, bottled, black, decaffeinated",92309010,0,0,0,8.75,0,0,0,0,0,0,0,0,0,0,7.92,0,91.22,0,0,0,0,11,0.008,0,2,4,27,8,0.01,0,0,0,0,0,0
Coffee/Coffee drink,"Coffee, instant, pre-lightened and pre-sweetened with sugar, reconstituted",92121000,0,0,0,5.11,0,0.9,0,0,0,0.223,0.15,0,0.001,0.1,3.45,0,93.83,0.203,0.01,0.397,0.7,4,0.011,0.04,4,8,42,7,0.01,0,0,0,0,0.03,0
Tea,"Tea, iced, brewed, black, pre-sweetened with sugar",92308000,0,0,0,7.94,0,0.4,0,0,0,0,0,0,0.014,0,7.68,0,92.03,0.001,0.004,0.002,0.02,0,0.01,0.02,3,1,34,3,0.02,0,0,0,0,0,0
Tea,"Tea, iced, brewed, black, decaffeinated, pre-sweetened with sugar",92308030,0,0,0,7.94,0,0.4,0,0,0,0,0,0,0.014,0,7.68,0,92.03,0.001,0.004,0.002,0.02,0,0.01,0.02,3,1,34,3,0.02,0,0,0,0,0,0
Tea,"Tea, iced, brewed, green, pre-sweetened with sugar",92308500,0,0,0,7.66,0,0,0,0,0,0.028,0.2,0,0.055,0,7.68,0.006,92.24,0,0,0,0.02,0,0.004,0.02,1,0,8,1,0.01,0,0,0.005,0,0,0
Tea,"Tea, iced, brewed, green, decaffeinated, pre-sweetened with sugar",92308530,0,0,0,7.66,0,0,0,0,0,0.028,0,0,0.055,0,7.68,0.006,92.24,0,0,0,0.02,0,0.005,0,1,0,14,0,0.01,0,0,0.005,0,0,0
Coffee/Coffee drink,"Coffee, instant, pre-lightened and pre-sweetened with low calorie sweetener, reconstituted",92121040,0,0,0,2.37,0,0.9,0,0,0,0.229,0.15,0,0.001,0.1,0.6,0,96.56,0.209,0.01,0.409,0.7,4,0.011,0.04,4,9,43,7,0.01,0,0,0,0,0.03,0.1
Coffee/Coffee drink,"Coffee, instant, decaffeinated, reconstituted",92114000,0,0,0,0.64,0,0.9,0,0,0,0.235,0.1,0,0.011,0.1,0,0,99.09,0,0.001,0.001,0,4,0.01,0.03,4,2,29,4,0.01,0,0,0,0,0,0
Tea,"Tea, iced, bottled, green",92309500,0,0,0,6.2,0,0,0,0,0,0,0,0,0,0,5.32,0,93.54,0,0,0,0.22,1,0.005,0,0,31,12,21,0.01,0,0,0,0,0,0
Coffee/Coffee drink,"Coffee, instant, decaffeinated, pre-lightened and pre-sweetened with sugar, reconsitituted",92121001,0,0,0,5.11,0,0.9,0,0,0,0.222,0.14,0,0.011,0.2,3.45,0,93.83,0.203,0.009,0.397,0.69,4,0.011,0.04,3,8,42,7,0.01,0,0,0,0,0.03,0
Tea,"Tea, iced, bottled, green, diet",92309510,0,0,0,0.93,0,0,0,0,0,0,0,0,0,0,0.93,0,98.71,0,0,0,0,1,0.005,0,1,0,5,6,0.01,0,0,0,9.5,0,0
Tea,"Tea, iced, brewed, black, pre-sweetened with low calorie sweetener",92308010,0,0,0,0.68,0,0.4,0,0,0,0,0,0,0.014,0,0.33,0,99.32,0.001,0.004,0.002,0,0,0.01,0.02,3,1,37,3,0.02,0,0,0,0,0,0
Tea,"Tea, iced, brewed, black, decaffeinated, pre-sweetened with low calorie sweetener",92308040,0,0,0,0.68,0,0.4,0,0,0,0,0,0,0.014,0,0.33,0,99.32,0.001,0.004,0.002,0,0,0.01,0.02,3,1,37,3,0.02,0,0,0,0,0,0
Tea,"Tea, iced, brewed, green, pre-sweetened with low calorie sweetener",92308510,0,0,0,0.38,0,0,0,0,0,0.03,0.22,0,0.058,0,0.33,0.007,99.55,0,0,0,0,0,0.004,0.02,1,0,8,1,0.01,0,0,0.005,0,0,0
Tea,"Tea, iced, brewed, green, decaffeinated, pre-sweetened with low calorie sweetener",92308540,0,0,0,0.38,0,0,0,0,0,0.03,0,0,0.058,0,0.33,0.007,99.55,0,0,0,0,0,0.005,0,1,0,15,0,0.01,0,0,0.005,0,0,0
Coffee/Coffee drink,"Coffee, instant, decaffeinated, pre-lightened and pre-sweetened with low calorie sweetener, reconstituted",92121041,0,0,0,2.38,0,0.9,0,0,0,0.229,0.15,0,0.011,0.1,0.6,0,96.55,0.209,0.01,0.408,0.7,4,0.011,0.04,4,8,43,7,0.01,0,0,0,0,0.03,0.1
Coffee/Coffee drink,"Coffee, instant, 50% less caffeine, reconstituted",92104000,0,0,0,0.61,0,0.9,0,0,0,0.236,0.12,0,0.001,0.1,0,0,99.09,0,0.002,0.002,0,4,0.011,0.04,4,3,30,4,0.01,0,0,0,0,0,0
Tea,"Tea, hot, leaf, black",92302000,0,0,0,0.3,0,0.4,0,0,0,0,0,0,0.014,0,0,0,99.7,0.001,0.004,0.002,0,0,0.01,0.02,3,1,37,3,0.02,0,0,0,0,0,0
Tea,"Tea, hot, leaf, black, decaffeinated",92302500,0,0,0,0.3,0,0.4,0,0,0,0,0,0,0.014,0,0,0,99.7,0.001,0.004,0.002,0,0,0.01,0.02,3,1,37,3,0.02,0,0,0,0,0,0
Tea,"Tea, hot, leaf, green",92303010,0,0,0,0,0,0,0,0,0,0.03,0.22,0,0.058,0,0,0.007,99.93,0,0,0,0,0,0.004,0.02,1,0,8,1,0.01,0,0,0.005,0,0,0
Tea,"Tea, hot, leaf, green, decaffeinated",92303100,0,0,0,0,0,0,0,0,0,0.03,0,0,0.058,0,0,0.007,99.93,0,0,0,0,0,0.005,0,1,0,15,0,0.01,0,0,0.005,0,0,0
Tea,"Tea, hot, leaf, oolong",92304100,0,0,0,0.15,0,0,0,0,0,0.06,0,0,0,0,0,0,99.84,0,0,0,0,1,0,0,1,1,12,3,0.01,0,0,0,0,0,0
Tea,"Tea, hot, herbal",92306000,0,0,0,0.2,0,0.4,0,0,0,0,0,0,0.004,0,0,0.01,99.7,0.001,0.005,0.002,0,2,0.015,0.08,1,0,9,1,0.04,0,0,0,0,0,0
Tea,"Tea, hot, hibiscus",92306090,0,0,0,0,0,0.4,0,0,0,0.04,0,0,0,0,0,0,99.58,0,0,0,0,8,0,0.08,3,1,20,4,0.04,0,0,0,0,0,0
Tea,"Tea, hot, chamomile",92306700,0,12,0,0.2,0,0,0,0,0,0,0,0,0.004,0,0,0.01,99.7,0.001,0.005,0.002,0,2,0.015,0.08,1,0,9,1,0.04,1,0,0,0,0,0
Tea,"Tea, iced, brewed, black, unsweetened",92308020,0,0,0,0.3,0,0.4,0,0,0,0,0,0,0.014,0,0,0,99.7,0.001,0.004,0.002,0,0,0.01,0.02,3,1,37,3,0.02,0,0,0,0,0,0
Tea,"Tea, iced, brewed, black, decaffeinated, unsweetened",92308050,0,0,0,0.3,0,0.4,0,0,0,0,0,0,0.014,0,0,0,99.7,0.001,0.004,0.002,0,0,0.01,0.02,3,1,37,3,0.02,0,0,0,0,0,0
Tea,"Tea, iced, brewed, green, unsweetened",92308520,0,0,0,0,0,0,0,0,0,0.03,0.22,0,0.058,0,0,0.007,99.93,0,0,0,0,0,0.004,0.02,1,0,8,1,0.01,0,0,0.005,0,0,0
Tea,"Tea, iced, brewed, green, decaffeinated, unsweetened",92308550,0,0,0,0,0,0,0,0,0,0.03,0,0,0.058,0,0,0.007,99.93,0,0,0,0,0,0.005,0,1,0,15,0,0.01,0,0,0.005,0,0,0
Tea,"Tea, iced, bottled, black, diet",92309020,0,0,0,0.22,0,0,0,0,0,0,0,0,0,0,0,0,99.72,0,0,0,0,0,0.005,0,0,33,14,17,0,0,0,0,0,0,0
Tea,"Tea, iced, bottled, black, decaffeinated, diet",92309030,0,0,0,0.83,0,0,0,0,0,0,0,0,0,0,0,0,99.14,0,0,0,0,11,0.008,0,2,4,27,4,0.01,0,0,0,0,0,0
Tea,"Tea, iced, bottled, black, unsweetened",92309040,0,0,0,0,0,0,0,0,0,0,0,0,0,0,0,0,97.89,0,0,0,0,0,0,0,0,0,0,2,0,0,0,0,0,0,0
Tea,"Tea, iced, bottled, black, decaffeinated, unsweetened",92309050,0,0,0,0.3,0,0.4,0,0,0,0,0,0,0.014,0,0,0,99.7,0.001,0.004,0.002,0,0,0.01,0.02,3,1,37,3,0.02,0,0,0,0,0,0
Tea,"Tea, iced, bottled, green, unsweetened",92309520,0,0,0,0,0,0,0,0,0,0,0,0,0,0,0,0,99.88,0,0,0,0,1,0.005,0,0,26,19,7,0.01,0,0,0,0,0,0
Vegetable juice,"Vegetable and fruit juice, 100% juice, with high vitamin C",78101000,1,427,0,11.15,0,0.2,0,2,144,0.013,0.3,0,0.001,0,10.37,0.001,88.4,0,0,0,0.01,8,0.012,0.31,7,1,101,29,0.01,36,0,0.016,28.5,0.87,0.1
Vegetable juice,Beet juice,73105000,0,12,0,5.91,0,6.2,1.1,0,0,0.136,0.72,0,0.034,0.4,4.84,0.009,92.45,0.012,0.022,0.01,0.06,12,0.088,0.57,14,14,128,19,0.21,1,0,0.05,2.5,0.03,0.1
Vegetable juice,"Carrot juice, 100%",73105010,4342,9303,0,9.28,0,9.9,0.8,333,2,0.386,0.95,0,0.055,0.6,3.91,0.092,88.87,0.007,0.071,0.027,0.15,24,0.046,0.46,14,42,292,66,0.18,956,0,0.217,8.5,1.16,15.5
Vegetable juice,Aloe vera juice drink,75200700,0,0,0,3.75,0,0,0,0,0,0,0,0,0,0,3.75,0,96.23,0,0,0,0,8,0,0.15,0,0,0,8,0,0,0,0,3.8,0,0
Vegetable juice,"Tomato juice, 100%, low sodium",74301150,210,830,0,4.59,0,7.2,0.8,80,9660,0.73,0.6,0,0.03,0.5,3.28,0.04,93.5,0.016,0.042,0.014,0.1,11,0.2,0.42,11,17,193,58,0.2,78,0,0.14,27.7,0.32,5.3
Vegetable juice,"Tomato and vegetable juice, 100%",74303000,93,377,0,3.87,0,8.1,0.5,278,7119,0.722,0.93,0,0.033,0.2,2.84,0.05,94.09,0.06,0.076,0.088,0.31,14,0.068,0.28,11,19,185,169,0.12,35,0,0.071,54.3,1.02,6.1
Vegetable juice,Mixed vegetable juice,75132000,2171,4786,0,6.12,0,8,1.2,308,1,0.353,0.82,0,0.056,0.5,2.62,0.056,92.15,0.02,0.075,0.034,0.16,32,0.04,0.33,12,33,276,73,0.16,489,0,0.146,5.8,0.72,22.4
Vegetable juice,"Tomato juice, 100%",74301100,0,270,0,3.53,0,6.8,0.4,60,9037,0.673,0.85,0,0.078,0.5,2.58,0.1,94.24,0.005,0.027,0.019,0.29,10,0.042,0.39,11,19,217,253,0.11,23,0,0.07,70.1,0.32,2.3
Vegetable juice,Celery juice,75132100,0,270,0,2.97,0,6.1,1.6,283,0,0.32,0.69,0,0.057,0.4,1.34,0.021,95.43,0.032,0.079,0.042,0.17,40,0.035,0.2,11,24,260,80,0.13,22,0,0.074,3.1,0.27,29.3
Water,"Water, bottled, flavored (Glaceau Vitamin Water)",94210200,0,0,0,5.49,0,0,0,0,0,0.844,0,32,0,0,5.49,0,94.44,0,0,0,0,17,0.007,0,3,0,0,0,0.32,32,0.25,0.084,12.7,1.9,0
Water,"Water, bottled, flavored (Capri Sun Roarin' Waters)",94100300,0,0,0,4.5,0,0,0,0,0,0.844,0,32,0,0,4.5,0,94.44,0,0,0,0,17,0.007,0,3,0,0,8,0.32,32,0.25,0.084,12.7,1.9,0
Water,"Water, tap",94000100,0,0,0,0,0,0,0,0,0,0,0,0,0,0,0,0,99.9,0,0,0,0,3,0.01,0,1,0,0,4,0.01,0,0,0,0,0,0
Water,"Water, bottled, unsweetened",94100100,0,0,0,0,0,0,0,0,0,0,0,0,0,0,0,0,99.98,0,0,0,0,10,0.007,0,2,0,0,2,0,0,0,0,0,0,0
Water,"Water, bottled, sweetened, with low calorie sweetener",94100200,0,0,0,0.13,0,0,0,0,0,0,0,0,0,0,0,0,99.85,0,0,0,0,1,0,0,0,0,4,14,0,0,0,0,0,0,0
Water,"Water, bottled, flavored (Propel Water)",94210100,0,0,0,1.14,0,0,0,0,0,4.095,0,0,0,0,0,0,98.78,0,0,0,0,1,0,0.03,0,25,16,33,0,0,0,0.556,8.8,1.67,0
Water,"Water, bottled, flavored (SoBe Life Water)",94210300,0,0,0,1.25,0,0,0,0,0,0.833,0,0,0,0,0,0,98.75,0,0,0,0,0,0,0,0,0,8,10,0,0,0.25,0.083,25,0.56,0
Water,"Water, bottled, flavored, sugar free (Glaceau Vitamin Water)",94220215,0,0,0,0,0,0,0,0,0,3.384,0,0,0,0,0,0,99.17,0,0,0,0,0,0,0,0,0,148,0,0,0,1.02,0.338,10.2,0,0
Water,"Water, bottled, flavored, sugar free (SoBe)",94220310,0,0,0,0,0,0,0,0,0,0.845,0,0,0,0,0,0.011,99.89,0,0,0,0,2,0.006,0.05,1,0,10,42,0.01,0,0.17,0.056,2.5,0.57,0.2
Water,"Water, baby, bottled, unsweetened",94300100,0,0,0,0,0,0,0,0,0,0,0,0,0,0,0,0,99.9,0,0,0,0,0,0,0,0,0,0,0,0,0,0,0,0,0,0